tips,date
2,"2009-04-15 00:00:00"
7,"2009-04-16 00:00:00"
2,"2009-04-17 00:00:00"
11,"2009-04-18 00:00:00"
4,"2009-04-19 00:00:00"
1,"2009-04-20 00:00:00"
5,"2009-04-21 00:00:00"
1,"2009-04-22 00:00:00"
1,"2009-04-23 00:00:00"
3,"2009-04-24 00:00:00"
2,"2009-04-25 00:00:00"
3,"2009-04-26 00:00:00"
2,"2009-04-27 00:00:00"
4,"2009-04-28 00:00:00"
4,"2009-04-29 00:00:00"
4,"2009-04-30 00:00:00"
3,"2009-05-01 00:00:00"
5,"2009-05-02 00:00:00"
1,"2009-05-03 00:00:00"
1,"2009-05-04 00:00:00"
2,"2009-05-05 00:00:00"
1,"2009-05-06 00:00:00"
3,"2009-05-07 00:00:00"
4,"2009-05-08 00:00:00"
7,"2009-05-09 00:00:00"
2,"2009-05-10 00:00:00"
1,"2009-05-11 00:00:00"
3,"2009-05-12 00:00:00"
2,"2009-05-13 00:00:00"
1,"2009-05-14 00:00:00"
3,"2009-05-15 00:00:00"
2,"2009-05-17 00:00:00"
3,"2009-05-18 00:00:00"
2,"2009-05-19 00:00:00"
5,"2009-05-20 00:00:00"
2,"2009-05-22 00:00:00"
1,"2009-05-25 00:00:00"
1,"2009-05-26 00:00:00"
3,"2009-05-27 00:00:00"
5,"2009-05-28 00:00:00"
2,"2009-05-29 00:00:00"
2,"2009-05-30 00:00:00"
6,"2009-05-31 00:00:00"
1,"2009-06-01 00:00:00"
2,"2009-06-02 00:00:00"
3,"2009-06-03 00:00:00"
2,"2009-06-05 00:00:00"
1,"2009-06-06 00:00:00"
3,"2009-06-08 00:00:00"
4,"2009-06-11 00:00:00"
5,"2009-06-12 00:00:00"
3,"2009-06-14 00:00:00"
2,"2009-06-16 00:00:00"
6,"2009-06-17 00:00:00"
1,"2009-06-18 00:00:00"
3,"2009-06-19 00:00:00"
2,"2009-06-20 00:00:00"
3,"2009-06-21 00:00:00"
2,"2009-06-22 00:00:00"
2,"2009-06-24 00:00:00"
2,"2009-06-25 00:00:00"
4,"2009-06-26 00:00:00"
1,"2009-06-27 00:00:00"
5,"2009-06-28 00:00:00"
3,"2009-06-29 00:00:00"
2,"2009-06-30 00:00:00"
7,"2009-07-01 00:00:00"
1,"2009-07-02 00:00:00"
3,"2009-07-03 00:00:00"
1,"2009-07-04 00:00:00"
7,"2009-07-05 00:00:00"
3,"2009-07-06 00:00:00"
2,"2009-07-07 00:00:00"
4,"2009-07-08 00:00:00"
1,"2009-07-10 00:00:00"
13,"2009-07-12 00:00:00"
4,"2009-07-13 00:00:00"
4,"2009-07-14 00:00:00"
3,"2009-07-15 00:00:00"
3,"2009-07-16 00:00:00"
2,"2009-07-17 00:00:00"
2,"2009-07-18 00:00:00"
1,"2009-07-19 00:00:00"
4,"2009-07-20 00:00:00"
3,"2009-07-21 00:00:00"
3,"2009-07-22 00:00:00"
1,"2009-07-23 00:00:00"
4,"2009-07-24 00:00:00"
5,"2009-07-26 00:00:00"
5,"2009-07-27 00:00:00"
6,"2009-07-28 00:00:00"
1,"2009-07-29 00:00:00"
4,"2009-07-30 00:00:00"
4,"2009-07-31 00:00:00"
3,"2009-08-01 00:00:00"
5,"2009-08-02 00:00:00"
5,"2009-08-03 00:00:00"
3,"2009-08-04 00:00:00"
2,"2009-08-05 00:00:00"
5,"2009-08-06 00:00:00"
6,"2009-08-07 00:00:00"
4,"2009-08-08 00:00:00"
12,"2009-08-09 00:00:00"
4,"2009-08-10 00:00:00"
4,"2009-08-12 00:00:00"
2,"2009-08-13 00:00:00"
1,"2009-08-14 00:00:00"
5,"2009-08-15 00:00:00"
2,"2009-08-16 00:00:00"
3,"2009-08-17 00:00:00"
8,"2009-08-18 00:00:00"
2,"2009-08-19 00:00:00"
3,"2009-08-20 00:00:00"
3,"2009-08-21 00:00:00"
4,"2009-08-22 00:00:00"
7,"2009-08-23 00:00:00"
9,"2009-08-24 00:00:00"
4,"2009-08-25 00:00:00"
6,"2009-08-26 00:00:00"
9,"2009-08-27 00:00:00"
5,"2009-08-28 00:00:00"
8,"2009-08-29 00:00:00"
7,"2009-08-30 00:00:00"
6,"2009-08-31 00:00:00"
3,"2009-09-01 00:00:00"
7,"2009-09-02 00:00:00"
4,"2009-09-03 00:00:00"
7,"2009-09-04 00:00:00"
5,"2009-09-05 00:00:00"
6,"2009-09-06 00:00:00"
5,"2009-09-07 00:00:00"
5,"2009-09-08 00:00:00"
17,"2009-09-09 00:00:00"
2,"2009-09-10 00:00:00"
1,"2009-09-11 00:00:00"
6,"2009-09-12 00:00:00"
3,"2009-09-13 00:00:00"
4,"2009-09-14 00:00:00"
4,"2009-09-15 00:00:00"
5,"2009-09-16 00:00:00"
6,"2009-09-17 00:00:00"
2,"2009-09-19 00:00:00"
3,"2009-09-21 00:00:00"
1,"2009-09-23 00:00:00"
4,"2009-09-24 00:00:00"
2,"2009-09-25 00:00:00"
8,"2009-09-26 00:00:00"
7,"2009-09-27 00:00:00"
1,"2009-09-28 00:00:00"
4,"2009-09-29 00:00:00"
6,"2009-09-30 00:00:00"
1,"2009-10-01 00:00:00"
3,"2009-10-02 00:00:00"
7,"2009-10-03 00:00:00"
5,"2009-10-04 00:00:00"
3,"2009-10-05 00:00:00"
2,"2009-10-06 00:00:00"
4,"2009-10-07 00:00:00"
1,"2009-10-08 00:00:00"
2,"2009-10-09 00:00:00"
5,"2009-10-10 00:00:00"
3,"2009-10-11 00:00:00"
7,"2009-10-12 00:00:00"
2,"2009-10-13 00:00:00"
1,"2009-10-14 00:00:00"
1,"2009-10-15 00:00:00"
4,"2009-10-16 00:00:00"
8,"2009-10-17 00:00:00"
2,"2009-10-18 00:00:00"
2,"2009-10-19 00:00:00"
3,"2009-10-20 00:00:00"
4,"2009-10-21 00:00:00"
1,"2009-10-23 00:00:00"
6,"2009-10-24 00:00:00"
3,"2009-10-25 00:00:00"
1,"2009-10-26 00:00:00"
3,"2009-10-27 00:00:00"
2,"2009-10-28 00:00:00"
2,"2009-10-30 00:00:00"
14,"2009-10-31 00:00:00"
1,"2009-11-01 00:00:00"
3,"2009-11-02 00:00:00"
2,"2009-11-03 00:00:00"
2,"2009-11-04 00:00:00"
4,"2009-11-05 00:00:00"
2,"2009-11-06 00:00:00"
4,"2009-11-07 00:00:00"
8,"2009-11-08 00:00:00"
3,"2009-11-09 00:00:00"
3,"2009-11-10 00:00:00"
3,"2009-11-11 00:00:00"
2,"2009-11-12 00:00:00"
5,"2009-11-13 00:00:00"
9,"2009-11-14 00:00:00"
3,"2009-11-15 00:00:00"
1,"2009-11-16 00:00:00"
2,"2009-11-18 00:00:00"
6,"2009-11-19 00:00:00"
4,"2009-11-20 00:00:00"
5,"2009-11-21 00:00:00"
2,"2009-11-22 00:00:00"
1,"2009-11-23 00:00:00"
1,"2009-11-24 00:00:00"
2,"2009-11-25 00:00:00"
3,"2009-11-26 00:00:00"
4,"2009-11-27 00:00:00"
1,"2009-11-28 00:00:00"
2,"2009-11-29 00:00:00"
2,"2009-11-30 00:00:00"
4,"2009-12-01 00:00:00"
1,"2009-12-02 00:00:00"
18,"2009-12-03 00:00:00"
2,"2009-12-04 00:00:00"
6,"2009-12-05 00:00:00"
5,"2009-12-06 00:00:00"
8,"2009-12-07 00:00:00"
3,"2009-12-08 00:00:00"
8,"2009-12-09 00:00:00"
3,"2009-12-10 00:00:00"
3,"2009-12-11 00:00:00"
3,"2009-12-12 00:00:00"
1,"2009-12-13 00:00:00"
3,"2009-12-14 00:00:00"
12,"2009-12-15 00:00:00"
1,"2009-12-16 00:00:00"
5,"2009-12-17 00:00:00"
3,"2009-12-18 00:00:00"
7,"2009-12-19 00:00:00"
5,"2009-12-20 00:00:00"
13,"2009-12-21 00:00:00"
4,"2009-12-22 00:00:00"
2,"2009-12-23 00:00:00"
1,"2009-12-24 00:00:00"
4,"2009-12-25 00:00:00"
3,"2009-12-26 00:00:00"
2,"2009-12-27 00:00:00"
6,"2009-12-28 00:00:00"
9,"2009-12-29 00:00:00"
8,"2009-12-30 00:00:00"
7,"2009-12-31 00:00:00"
6,"2010-01-01 00:00:00"
6,"2010-01-02 00:00:00"
9,"2010-01-03 00:00:00"
6,"2010-01-04 00:00:00"
6,"2010-01-05 00:00:00"
3,"2010-01-06 00:00:00"
11,"2010-01-07 00:00:00"
8,"2010-01-08 00:00:00"
6,"2010-01-09 00:00:00"
4,"2010-01-10 00:00:00"
4,"2010-01-11 00:00:00"
7,"2010-01-12 00:00:00"
4,"2010-01-13 00:00:00"
12,"2010-01-14 00:00:00"
12,"2010-01-15 00:00:00"
67,"2010-01-16 00:00:00"
45,"2010-01-17 00:00:00"
44,"2010-01-18 00:00:00"
47,"2010-01-19 00:00:00"
41,"2010-01-20 00:00:00"
29,"2010-01-21 00:00:00"
34,"2010-01-22 00:00:00"
49,"2010-01-23 00:00:00"
41,"2010-01-24 00:00:00"
21,"2010-01-25 00:00:00"
36,"2010-01-26 00:00:00"
32,"2010-01-27 00:00:00"
34,"2010-01-28 00:00:00"
57,"2010-01-29 00:00:00"
67,"2010-01-30 00:00:00"
68,"2010-01-31 00:00:00"
34,"2010-02-01 00:00:00"
26,"2010-02-02 00:00:00"
18,"2010-02-03 00:00:00"
35,"2010-02-04 00:00:00"
44,"2010-02-05 00:00:00"
53,"2010-02-06 00:00:00"
36,"2010-02-07 00:00:00"
25,"2010-02-08 00:00:00"
20,"2010-02-09 00:00:00"
32,"2010-02-10 00:00:00"
27,"2010-02-11 00:00:00"
42,"2010-02-12 00:00:00"
73,"2010-02-13 00:00:00"
66,"2010-02-14 00:00:00"
50,"2010-02-15 00:00:00"
25,"2010-02-16 00:00:00"
38,"2010-02-17 00:00:00"
33,"2010-02-18 00:00:00"
53,"2010-02-19 00:00:00"
69,"2010-02-20 00:00:00"
40,"2010-02-21 00:00:00"
16,"2010-02-22 00:00:00"
33,"2010-02-23 00:00:00"
30,"2010-02-24 00:00:00"
47,"2010-02-25 00:00:00"
50,"2010-02-26 00:00:00"
63,"2010-02-27 00:00:00"
37,"2010-02-28 00:00:00"
29,"2010-03-01 00:00:00"
46,"2010-03-02 00:00:00"
33,"2010-03-03 00:00:00"
31,"2010-03-04 00:00:00"
58,"2010-03-05 00:00:00"
64,"2010-03-06 00:00:00"
38,"2010-03-07 00:00:00"
51,"2010-03-08 00:00:00"
46,"2010-03-09 00:00:00"
36,"2010-03-10 00:00:00"
41,"2010-03-11 00:00:00"
45,"2010-03-12 00:00:00"
76,"2010-03-13 00:00:00"
56,"2010-03-14 00:00:00"
38,"2010-03-15 00:00:00"
42,"2010-03-16 00:00:00"
57,"2010-03-17 00:00:00"
49,"2010-03-18 00:00:00"
48,"2010-03-19 00:00:00"
66,"2010-03-20 00:00:00"
42,"2010-03-21 00:00:00"
34,"2010-03-22 00:00:00"
48,"2010-03-23 00:00:00"
40,"2010-03-24 00:00:00"
46,"2010-03-25 00:00:00"
65,"2010-03-26 00:00:00"
76,"2010-03-27 00:00:00"
80,"2010-03-28 00:00:00"
48,"2010-03-29 00:00:00"
46,"2010-03-30 00:00:00"
51,"2010-03-31 00:00:00"
44,"2010-04-01 00:00:00"
52,"2010-04-02 00:00:00"
62,"2010-04-03 00:00:00"
46,"2010-04-04 00:00:00"
39,"2010-04-05 00:00:00"
49,"2010-04-06 00:00:00"
59,"2010-04-07 00:00:00"
31,"2010-04-08 00:00:00"
58,"2010-04-09 00:00:00"
85,"2010-04-10 00:00:00"
67,"2010-04-11 00:00:00"
35,"2010-04-12 00:00:00"
38,"2010-04-13 00:00:00"
26,"2010-04-14 00:00:00"
38,"2010-04-15 00:00:00"
68,"2010-04-16 00:00:00"
83,"2010-04-17 00:00:00"
74,"2010-04-18 00:00:00"
51,"2010-04-19 00:00:00"
43,"2010-04-20 00:00:00"
36,"2010-04-21 00:00:00"
46,"2010-04-22 00:00:00"
59,"2010-04-23 00:00:00"
88,"2010-04-24 00:00:00"
65,"2010-04-25 00:00:00"
37,"2010-04-26 00:00:00"
48,"2010-04-27 00:00:00"
35,"2010-04-28 00:00:00"
59,"2010-04-29 00:00:00"
52,"2010-04-30 00:00:00"
75,"2010-05-01 00:00:00"
47,"2010-05-02 00:00:00"
46,"2010-05-03 00:00:00"
33,"2010-05-04 00:00:00"
44,"2010-05-05 00:00:00"
57,"2010-05-06 00:00:00"
44,"2010-05-07 00:00:00"
69,"2010-05-08 00:00:00"
60,"2010-05-09 00:00:00"
45,"2010-05-10 00:00:00"
48,"2010-05-11 00:00:00"
47,"2010-05-12 00:00:00"
42,"2010-05-13 00:00:00"
58,"2010-05-14 00:00:00"
71,"2010-05-15 00:00:00"
44,"2010-05-16 00:00:00"
37,"2010-05-17 00:00:00"
42,"2010-05-18 00:00:00"
31,"2010-05-19 00:00:00"
47,"2010-05-20 00:00:00"
56,"2010-05-21 00:00:00"
76,"2010-05-22 00:00:00"
45,"2010-05-23 00:00:00"
38,"2010-05-24 00:00:00"
21,"2010-05-25 00:00:00"
57,"2010-05-26 00:00:00"
44,"2010-05-27 00:00:00"
74,"2010-05-28 00:00:00"
85,"2010-05-29 00:00:00"
79,"2010-05-30 00:00:00"
40,"2010-05-31 00:00:00"
40,"2010-06-01 00:00:00"
38,"2010-06-02 00:00:00"
35,"2010-06-03 00:00:00"
48,"2010-06-04 00:00:00"
67,"2010-06-05 00:00:00"
63,"2010-06-06 00:00:00"
38,"2010-06-07 00:00:00"
32,"2010-06-08 00:00:00"
43,"2010-06-09 00:00:00"
78,"2010-06-10 00:00:00"
75,"2010-06-11 00:00:00"
81,"2010-06-12 00:00:00"
80,"2010-06-13 00:00:00"
46,"2010-06-14 00:00:00"
64,"2010-06-15 00:00:00"
70,"2010-06-16 00:00:00"
72,"2010-06-17 00:00:00"
73,"2010-06-18 00:00:00"
115,"2010-06-19 00:00:00"
97,"2010-06-20 00:00:00"
86,"2010-06-21 00:00:00"
77,"2010-06-22 00:00:00"
68,"2010-06-23 00:00:00"
67,"2010-06-24 00:00:00"
96,"2010-06-25 00:00:00"
133,"2010-06-26 00:00:00"
118,"2010-06-27 00:00:00"
62,"2010-06-28 00:00:00"
89,"2010-06-29 00:00:00"
65,"2010-06-30 00:00:00"
86,"2010-07-01 00:00:00"
101,"2010-07-02 00:00:00"
128,"2010-07-03 00:00:00"
91,"2010-07-04 00:00:00"
120,"2010-07-05 00:00:00"
80,"2010-07-06 00:00:00"
80,"2010-07-07 00:00:00"
96,"2010-07-08 00:00:00"
139,"2010-07-09 00:00:00"
163,"2010-07-10 00:00:00"
132,"2010-07-11 00:00:00"
104,"2010-07-12 00:00:00"
98,"2010-07-13 00:00:00"
110,"2010-07-14 00:00:00"
125,"2010-07-15 00:00:00"
143,"2010-07-16 00:00:00"
150,"2010-07-17 00:00:00"
174,"2010-07-18 00:00:00"
120,"2010-07-19 00:00:00"
117,"2010-07-20 00:00:00"
109,"2010-07-21 00:00:00"
99,"2010-07-22 00:00:00"
140,"2010-07-23 00:00:00"
157,"2010-07-24 00:00:00"
143,"2010-07-25 00:00:00"
106,"2010-07-26 00:00:00"
143,"2010-07-27 00:00:00"
123,"2010-07-28 00:00:00"
132,"2010-07-29 00:00:00"
175,"2010-07-30 00:00:00"
221,"2010-07-31 00:00:00"
191,"2010-08-01 00:00:00"
119,"2010-08-02 00:00:00"
167,"2010-08-03 00:00:00"
114,"2010-08-04 00:00:00"
154,"2010-08-05 00:00:00"
192,"2010-08-06 00:00:00"
207,"2010-08-07 00:00:00"
163,"2010-08-08 00:00:00"
132,"2010-08-09 00:00:00"
122,"2010-08-10 00:00:00"
141,"2010-08-11 00:00:00"
125,"2010-08-12 00:00:00"
188,"2010-08-13 00:00:00"
249,"2010-08-14 00:00:00"
171,"2010-08-15 00:00:00"
109,"2010-08-16 00:00:00"
143,"2010-08-17 00:00:00"
149,"2010-08-18 00:00:00"
129,"2010-08-19 00:00:00"
220,"2010-08-20 00:00:00"
233,"2010-08-21 00:00:00"
176,"2010-08-22 00:00:00"
118,"2010-08-23 00:00:00"
116,"2010-08-24 00:00:00"
136,"2010-08-25 00:00:00"
128,"2010-08-26 00:00:00"
175,"2010-08-27 00:00:00"
212,"2010-08-28 00:00:00"
148,"2010-08-29 00:00:00"
116,"2010-08-30 00:00:00"
112,"2010-08-31 00:00:00"
136,"2010-09-01 00:00:00"
161,"2010-09-02 00:00:00"
188,"2010-09-03 00:00:00"
180,"2010-09-04 00:00:00"
192,"2010-09-05 00:00:00"
173,"2010-09-06 00:00:00"
139,"2010-09-07 00:00:00"
134,"2010-09-08 00:00:00"
134,"2010-09-09 00:00:00"
203,"2010-09-10 00:00:00"
249,"2010-09-11 00:00:00"
162,"2010-09-12 00:00:00"
101,"2010-09-13 00:00:00"
143,"2010-09-14 00:00:00"
129,"2010-09-15 00:00:00"
145,"2010-09-16 00:00:00"
208,"2010-09-17 00:00:00"
216,"2010-09-18 00:00:00"
163,"2010-09-19 00:00:00"
133,"2010-09-20 00:00:00"
156,"2010-09-21 00:00:00"
115,"2010-09-22 00:00:00"
164,"2010-09-23 00:00:00"
209,"2010-09-24 00:00:00"
214,"2010-09-25 00:00:00"
145,"2010-09-26 00:00:00"
129,"2010-09-27 00:00:00"
147,"2010-09-28 00:00:00"
161,"2010-09-29 00:00:00"
136,"2010-09-30 00:00:00"
197,"2010-10-01 00:00:00"
270,"2010-10-02 00:00:00"
205,"2010-10-03 00:00:00"
128,"2010-10-04 00:00:00"
145,"2010-10-05 00:00:00"
131,"2010-10-06 00:00:00"
164,"2010-10-07 00:00:00"
196,"2010-10-08 00:00:00"
252,"2010-10-09 00:00:00"
247,"2010-10-10 00:00:00"
139,"2010-10-11 00:00:00"
163,"2010-10-12 00:00:00"
141,"2010-10-13 00:00:00"
134,"2010-10-14 00:00:00"
215,"2010-10-15 00:00:00"
261,"2010-10-16 00:00:00"
176,"2010-10-17 00:00:00"
141,"2010-10-18 00:00:00"
124,"2010-10-19 00:00:00"
144,"2010-10-20 00:00:00"
150,"2010-10-21 00:00:00"
191,"2010-10-22 00:00:00"
280,"2010-10-23 00:00:00"
207,"2010-10-24 00:00:00"
124,"2010-10-25 00:00:00"
150,"2010-10-26 00:00:00"
144,"2010-10-27 00:00:00"
177,"2010-10-28 00:00:00"
201,"2010-10-29 00:00:00"
255,"2010-10-30 00:00:00"
183,"2010-10-31 00:00:00"
132,"2010-11-01 00:00:00"
167,"2010-11-02 00:00:00"
185,"2010-11-03 00:00:00"
215,"2010-11-04 00:00:00"
210,"2010-11-05 00:00:00"
256,"2010-11-06 00:00:00"
221,"2010-11-07 00:00:00"
149,"2010-11-08 00:00:00"
138,"2010-11-09 00:00:00"
145,"2010-11-10 00:00:00"
211,"2010-11-11 00:00:00"
265,"2010-11-12 00:00:00"
247,"2010-11-13 00:00:00"
216,"2010-11-14 00:00:00"
142,"2010-11-15 00:00:00"
150,"2010-11-16 00:00:00"
130,"2010-11-17 00:00:00"
180,"2010-11-18 00:00:00"
239,"2010-11-19 00:00:00"
299,"2010-11-20 00:00:00"
218,"2010-11-21 00:00:00"
165,"2010-11-22 00:00:00"
159,"2010-11-23 00:00:00"
204,"2010-11-24 00:00:00"
162,"2010-11-25 00:00:00"
248,"2010-11-26 00:00:00"
297,"2010-11-27 00:00:00"
173,"2010-11-28 00:00:00"
153,"2010-11-29 00:00:00"
170,"2010-11-30 00:00:00"
170,"2010-12-01 00:00:00"
161,"2010-12-02 00:00:00"
218,"2010-12-03 00:00:00"
290,"2010-12-04 00:00:00"
210,"2010-12-05 00:00:00"
164,"2010-12-06 00:00:00"
181,"2010-12-07 00:00:00"
186,"2010-12-08 00:00:00"
209,"2010-12-09 00:00:00"
275,"2010-12-10 00:00:00"
298,"2010-12-11 00:00:00"
212,"2010-12-12 00:00:00"
171,"2010-12-13 00:00:00"
145,"2010-12-14 00:00:00"
227,"2010-12-15 00:00:00"
200,"2010-12-16 00:00:00"
227,"2010-12-17 00:00:00"
313,"2010-12-18 00:00:00"
237,"2010-12-19 00:00:00"
181,"2010-12-20 00:00:00"
224,"2010-12-21 00:00:00"
205,"2010-12-22 00:00:00"
224,"2010-12-23 00:00:00"
176,"2010-12-24 00:00:00"
112,"2010-12-25 00:00:00"
230,"2010-12-26 00:00:00"
209,"2010-12-27 00:00:00"
274,"2010-12-28 00:00:00"
257,"2010-12-29 00:00:00"
302,"2010-12-30 00:00:00"
304,"2010-12-31 00:00:00"
253,"2011-01-01 00:00:00"
246,"2011-01-02 00:00:00"
199,"2011-01-03 00:00:00"
167,"2011-01-04 00:00:00"
224,"2011-01-05 00:00:00"
245,"2011-01-06 00:00:00"
291,"2011-01-07 00:00:00"
385,"2011-01-08 00:00:00"
287,"2011-01-09 00:00:00"
199,"2011-01-10 00:00:00"
173,"2011-01-11 00:00:00"
204,"2011-01-12 00:00:00"
240,"2011-01-13 00:00:00"
325,"2011-01-14 00:00:00"
310,"2011-01-15 00:00:00"
281,"2011-01-16 00:00:00"
209,"2011-01-17 00:00:00"
195,"2011-01-18 00:00:00"
223,"2011-01-19 00:00:00"
204,"2011-01-20 00:00:00"
247,"2011-01-21 00:00:00"
434,"2011-01-22 00:00:00"
274,"2011-01-23 00:00:00"
193,"2011-01-24 00:00:00"
165,"2011-01-25 00:00:00"
185,"2011-01-26 00:00:00"
194,"2011-01-27 00:00:00"
273,"2011-01-28 00:00:00"
378,"2011-01-29 00:00:00"
227,"2011-01-30 00:00:00"
187,"2011-01-31 00:00:00"
174,"2011-02-01 00:00:00"
151,"2011-02-02 00:00:00"
219,"2011-02-03 00:00:00"
285,"2011-02-04 00:00:00"
356,"2011-02-05 00:00:00"
205,"2011-02-06 00:00:00"
185,"2011-02-07 00:00:00"
188,"2011-02-08 00:00:00"
188,"2011-02-09 00:00:00"
236,"2011-02-10 00:00:00"
305,"2011-02-11 00:00:00"
476,"2011-02-12 00:00:00"
323,"2011-02-13 00:00:00"
186,"2011-02-14 00:00:00"
174,"2011-02-15 00:00:00"
225,"2011-02-16 00:00:00"
214,"2011-02-17 00:00:00"
339,"2011-02-18 00:00:00"
486,"2011-02-19 00:00:00"
366,"2011-02-20 00:00:00"
266,"2011-02-21 00:00:00"
189,"2011-02-22 00:00:00"
231,"2011-02-23 00:00:00"
225,"2011-02-24 00:00:00"
383,"2011-02-25 00:00:00"
485,"2011-02-26 00:00:00"
317,"2011-02-27 00:00:00"
240,"2011-02-28 00:00:00"
227,"2011-03-01 00:00:00"
237,"2011-03-02 00:00:00"
297,"2011-03-03 00:00:00"
347,"2011-03-04 00:00:00"
493,"2011-03-05 00:00:00"
353,"2011-03-06 00:00:00"
291,"2011-03-07 00:00:00"
248,"2011-03-08 00:00:00"
274,"2011-03-09 00:00:00"
264,"2011-03-10 00:00:00"
356,"2011-03-11 00:00:00"
523,"2011-03-12 00:00:00"
344,"2011-03-13 00:00:00"
281,"2011-03-14 00:00:00"
276,"2011-03-15 00:00:00"
256,"2011-03-16 00:00:00"
352,"2011-03-17 00:00:00"
387,"2011-03-18 00:00:00"
413,"2011-03-19 00:00:00"
392,"2011-03-20 00:00:00"
218,"2011-03-21 00:00:00"
275,"2011-03-22 00:00:00"
283,"2011-03-23 00:00:00"
322,"2011-03-24 00:00:00"
378,"2011-03-25 00:00:00"
466,"2011-03-26 00:00:00"
401,"2011-03-27 00:00:00"
236,"2011-03-28 00:00:00"
288,"2011-03-29 00:00:00"
262,"2011-03-30 00:00:00"
333,"2011-03-31 00:00:00"
442,"2011-04-01 00:00:00"
505,"2011-04-02 00:00:00"
358,"2011-04-03 00:00:00"
233,"2011-04-04 00:00:00"
288,"2011-04-05 00:00:00"
253,"2011-04-06 00:00:00"
309,"2011-04-07 00:00:00"
365,"2011-04-08 00:00:00"
449,"2011-04-09 00:00:00"
372,"2011-04-10 00:00:00"
285,"2011-04-11 00:00:00"
281,"2011-04-12 00:00:00"
290,"2011-04-13 00:00:00"
305,"2011-04-14 00:00:00"
430,"2011-04-15 00:00:00"
513,"2011-04-16 00:00:00"
424,"2011-04-17 00:00:00"
299,"2011-04-18 00:00:00"
295,"2011-04-19 00:00:00"
306,"2011-04-20 00:00:00"
335,"2011-04-21 00:00:00"
482,"2011-04-22 00:00:00"
523,"2011-04-23 00:00:00"
319,"2011-04-24 00:00:00"
303,"2011-04-25 00:00:00"
283,"2011-04-26 00:00:00"
299,"2011-04-27 00:00:00"
307,"2011-04-28 00:00:00"
408,"2011-04-29 00:00:00"
501,"2011-04-30 00:00:00"
355,"2011-05-01 00:00:00"
299,"2011-05-02 00:00:00"
270,"2011-05-03 00:00:00"
265,"2011-05-04 00:00:00"
356,"2011-05-05 00:00:00"
442,"2011-05-06 00:00:00"
541,"2011-05-07 00:00:00"
477,"2011-05-08 00:00:00"
267,"2011-05-09 00:00:00"
323,"2011-05-10 00:00:00"
297,"2011-05-11 00:00:00"
337,"2011-05-12 00:00:00"
430,"2011-05-13 00:00:00"
451,"2011-05-14 00:00:00"
357,"2011-05-15 00:00:00"
231,"2011-05-16 00:00:00"
333,"2011-05-17 00:00:00"
306,"2011-05-18 00:00:00"
335,"2011-05-19 00:00:00"
410,"2011-05-20 00:00:00"
504,"2011-05-21 00:00:00"
383,"2011-05-22 00:00:00"
294,"2011-05-23 00:00:00"
295,"2011-05-24 00:00:00"
308,"2011-05-25 00:00:00"
362,"2011-05-26 00:00:00"
479,"2011-05-27 00:00:00"
486,"2011-05-28 00:00:00"
456,"2011-05-29 00:00:00"
373,"2011-05-30 00:00:00"
311,"2011-05-31 00:00:00"
396,"2011-06-01 00:00:00"
328,"2011-06-02 00:00:00"
463,"2011-06-03 00:00:00"
544,"2011-06-04 00:00:00"
380,"2011-06-05 00:00:00"
338,"2011-06-06 00:00:00"
347,"2011-06-07 00:00:00"
340,"2011-06-08 00:00:00"
338,"2011-06-09 00:00:00"
476,"2011-06-10 00:00:00"
553,"2011-06-11 00:00:00"
422,"2011-06-12 00:00:00"
287,"2011-06-13 00:00:00"
356,"2011-06-14 00:00:00"
384,"2011-06-15 00:00:00"
388,"2011-06-16 00:00:00"
489,"2011-06-17 00:00:00"
505,"2011-06-18 00:00:00"
504,"2011-06-19 00:00:00"
309,"2011-06-20 00:00:00"
366,"2011-06-21 00:00:00"
322,"2011-06-22 00:00:00"
384,"2011-06-23 00:00:00"
508,"2011-06-24 00:00:00"
610,"2011-06-25 00:00:00"
464,"2011-06-26 00:00:00"
338,"2011-06-27 00:00:00"
378,"2011-06-28 00:00:00"
350,"2011-06-29 00:00:00"
394,"2011-06-30 00:00:00"
496,"2011-07-01 00:00:00"
567,"2011-07-02 00:00:00"
493,"2011-07-03 00:00:00"
404,"2011-07-04 00:00:00"
319,"2011-07-05 00:00:00"
339,"2011-07-06 00:00:00"
348,"2011-07-07 00:00:00"
486,"2011-07-08 00:00:00"
539,"2011-07-09 00:00:00"
412,"2011-07-10 00:00:00"
366,"2011-07-11 00:00:00"
357,"2011-07-12 00:00:00"
309,"2011-07-13 00:00:00"
399,"2011-07-14 00:00:00"
524,"2011-07-15 00:00:00"
611,"2011-07-16 00:00:00"
486,"2011-07-17 00:00:00"
336,"2011-07-18 00:00:00"
364,"2011-07-19 00:00:00"
405,"2011-07-20 00:00:00"
400,"2011-07-21 00:00:00"
490,"2011-07-22 00:00:00"
656,"2011-07-23 00:00:00"
458,"2011-07-24 00:00:00"
358,"2011-07-25 00:00:00"
407,"2011-07-26 00:00:00"
387,"2011-07-27 00:00:00"
407,"2011-07-28 00:00:00"
513,"2011-07-29 00:00:00"
648,"2011-07-30 00:00:00"
511,"2011-07-31 00:00:00"
355,"2011-08-01 00:00:00"
399,"2011-08-02 00:00:00"
453,"2011-08-03 00:00:00"
468,"2011-08-04 00:00:00"
548,"2011-08-05 00:00:00"
671,"2011-08-06 00:00:00"
559,"2011-08-07 00:00:00"
372,"2011-08-08 00:00:00"
392,"2011-08-09 00:00:00"
396,"2011-08-10 00:00:00"
350,"2011-08-11 00:00:00"
544,"2011-08-12 00:00:00"
653,"2011-08-13 00:00:00"
520,"2011-08-14 00:00:00"
389,"2011-08-15 00:00:00"
337,"2011-08-16 00:00:00"
366,"2011-08-17 00:00:00"
380,"2011-08-18 00:00:00"
560,"2011-08-19 00:00:00"
696,"2011-08-20 00:00:00"
547,"2011-08-21 00:00:00"
352,"2011-08-22 00:00:00"
385,"2011-08-23 00:00:00"
451,"2011-08-24 00:00:00"
442,"2011-08-25 00:00:00"
579,"2011-08-26 00:00:00"
697,"2011-08-27 00:00:00"
526,"2011-08-28 00:00:00"
394,"2011-08-29 00:00:00"
353,"2011-08-30 00:00:00"
377,"2011-08-31 00:00:00"
460,"2011-09-01 00:00:00"
590,"2011-09-02 00:00:00"
619,"2011-09-03 00:00:00"
558,"2011-09-04 00:00:00"
448,"2011-09-05 00:00:00"
336,"2011-09-06 00:00:00"
377,"2011-09-07 00:00:00"
394,"2011-09-08 00:00:00"
510,"2011-09-09 00:00:00"
646,"2011-09-10 00:00:00"
505,"2011-09-11 00:00:00"
335,"2011-09-12 00:00:00"
340,"2011-09-13 00:00:00"
349,"2011-09-14 00:00:00"
391,"2011-09-15 00:00:00"
582,"2011-09-16 00:00:00"
673,"2011-09-17 00:00:00"
446,"2011-09-18 00:00:00"
322,"2011-09-19 00:00:00"
321,"2011-09-20 00:00:00"
395,"2011-09-21 00:00:00"
414,"2011-09-22 00:00:00"
510,"2011-09-23 00:00:00"
620,"2011-09-24 00:00:00"
452,"2011-09-25 00:00:00"
344,"2011-09-26 00:00:00"
344,"2011-09-27 00:00:00"
309,"2011-09-28 00:00:00"
379,"2011-09-29 00:00:00"
511,"2011-09-30 00:00:00"
670,"2011-10-01 00:00:00"
516,"2011-10-02 00:00:00"
295,"2011-10-03 00:00:00"
288,"2011-10-04 00:00:00"
374,"2011-10-05 00:00:00"
369,"2011-10-06 00:00:00"
517,"2011-10-07 00:00:00"
655,"2011-10-08 00:00:00"
551,"2011-10-09 00:00:00"
355,"2011-10-10 00:00:00"
347,"2011-10-11 00:00:00"
333,"2011-10-12 00:00:00"
378,"2011-10-13 00:00:00"
538,"2011-10-14 00:00:00"
657,"2011-10-15 00:00:00"
498,"2011-10-16 00:00:00"
332,"2011-10-17 00:00:00"
355,"2011-10-18 00:00:00"
335,"2011-10-19 00:00:00"
402,"2011-10-20 00:00:00"
532,"2011-10-21 00:00:00"
635,"2011-10-22 00:00:00"
526,"2011-10-23 00:00:00"
339,"2011-10-24 00:00:00"
353,"2011-10-25 00:00:00"
328,"2011-10-26 00:00:00"
454,"2011-10-27 00:00:00"
513,"2011-10-28 00:00:00"
618,"2011-10-29 00:00:00"
459,"2011-10-30 00:00:00"
290,"2011-10-31 00:00:00"
317,"2011-11-01 00:00:00"
347,"2011-11-02 00:00:00"
406,"2011-11-03 00:00:00"
500,"2011-11-04 00:00:00"
653,"2011-11-05 00:00:00"
528,"2011-11-06 00:00:00"
309,"2011-11-07 00:00:00"
359,"2011-11-08 00:00:00"
365,"2011-11-09 00:00:00"
476,"2011-11-10 00:00:00"
610,"2011-11-11 00:00:00"
755,"2011-11-12 00:00:00"
544,"2011-11-13 00:00:00"
356,"2011-11-14 00:00:00"
367,"2011-11-15 00:00:00"
336,"2011-11-16 00:00:00"
387,"2011-11-17 00:00:00"
490,"2011-11-18 00:00:00"
611,"2011-11-19 00:00:00"
442,"2011-11-20 00:00:00"
346,"2011-11-21 00:00:00"
357,"2011-11-22 00:00:00"
415,"2011-11-23 00:00:00"
264,"2011-11-24 00:00:00"
554,"2011-11-25 00:00:00"
643,"2011-11-26 00:00:00"
468,"2011-11-27 00:00:00"
323,"2011-11-28 00:00:00"
308,"2011-11-29 00:00:00"
351,"2011-11-30 00:00:00"
304,"2011-12-01 00:00:00"
462,"2011-12-02 00:00:00"
627,"2011-12-03 00:00:00"
387,"2011-12-04 00:00:00"
328,"2011-12-05 00:00:00"
344,"2011-12-06 00:00:00"
326,"2011-12-07 00:00:00"
371,"2011-12-08 00:00:00"
434,"2011-12-09 00:00:00"
618,"2011-12-10 00:00:00"
417,"2011-12-11 00:00:00"
296,"2011-12-12 00:00:00"
335,"2011-12-13 00:00:00"
350,"2011-12-14 00:00:00"
397,"2011-12-15 00:00:00"
456,"2011-12-16 00:00:00"
623,"2011-12-17 00:00:00"
480,"2011-12-18 00:00:00"
338,"2011-12-19 00:00:00"
399,"2011-12-20 00:00:00"
421,"2011-12-21 00:00:00"
456,"2011-12-22 00:00:00"
502,"2011-12-23 00:00:00"
427,"2011-12-24 00:00:00"
241,"2011-12-25 00:00:00"
483,"2011-12-26 00:00:00"
500,"2011-12-27 00:00:00"
511,"2011-12-28 00:00:00"
543,"2011-12-29 00:00:00"
618,"2011-12-30 00:00:00"
609,"2011-12-31 00:00:00"
498,"2012-01-01 00:00:00"
491,"2012-01-02 00:00:00"
332,"2012-01-03 00:00:00"
395,"2012-01-04 00:00:00"
391,"2012-01-05 00:00:00"
528,"2012-01-06 00:00:00"
692,"2012-01-07 00:00:00"
523,"2012-01-08 00:00:00"
330,"2012-01-09 00:00:00"
399,"2012-01-10 00:00:00"
436,"2012-01-11 00:00:00"
376,"2012-01-12 00:00:00"
561,"2012-01-13 00:00:00"
660,"2012-01-14 00:00:00"
542,"2012-01-15 00:00:00"
446,"2012-01-16 00:00:00"
329,"2012-01-17 00:00:00"
370,"2012-01-18 00:00:00"
375,"2012-01-19 00:00:00"
488,"2012-01-20 00:00:00"
633,"2012-01-21 00:00:00"
461,"2012-01-22 00:00:00"
359,"2012-01-23 00:00:00"
356,"2012-01-24 00:00:00"
348,"2012-01-25 00:00:00"
381,"2012-01-26 00:00:00"
556,"2012-01-27 00:00:00"
634,"2012-01-28 00:00:00"
524,"2012-01-29 00:00:00"
395,"2012-01-30 00:00:00"
306,"2012-01-31 00:00:00"
347,"2012-02-01 00:00:00"
351,"2012-02-02 00:00:00"
497,"2012-02-03 00:00:00"
653,"2012-02-04 00:00:00"
363,"2012-02-05 00:00:00"
314,"2012-02-06 00:00:00"
347,"2012-02-07 00:00:00"
378,"2012-02-08 00:00:00"
352,"2012-02-09 00:00:00"
560,"2012-02-10 00:00:00"
658,"2012-02-11 00:00:00"
574,"2012-02-12 00:00:00"
327,"2012-02-13 00:00:00"
456,"2012-02-14 00:00:00"
405,"2012-02-15 00:00:00"
395,"2012-02-16 00:00:00"
465,"2012-02-17 00:00:00"
721,"2012-02-18 00:00:00"
663,"2012-02-19 00:00:00"
487,"2012-02-20 00:00:00"
403,"2012-02-21 00:00:00"
427,"2012-02-22 00:00:00"
468,"2012-02-23 00:00:00"
616,"2012-02-24 00:00:00"
713,"2012-02-25 00:00:00"
576,"2012-02-26 00:00:00"
383,"2012-02-27 00:00:00"
374,"2012-02-28 00:00:00"
421,"2012-02-29 00:00:00"
445,"2012-03-01 00:00:00"
603,"2012-03-02 00:00:00"
779,"2012-03-03 00:00:00"
565,"2012-03-04 00:00:00"
366,"2012-03-05 00:00:00"
386,"2012-03-06 00:00:00"
436,"2012-03-07 00:00:00"
465,"2012-03-08 00:00:00"
573,"2012-03-09 00:00:00"
773,"2012-03-10 00:00:00"
653,"2012-03-11 00:00:00"
370,"2012-03-12 00:00:00"
414,"2012-03-13 00:00:00"
469,"2012-03-14 00:00:00"
504,"2012-03-15 00:00:00"
737,"2012-03-16 00:00:00"
817,"2012-03-17 00:00:00"
690,"2012-03-18 00:00:00"
447,"2012-03-19 00:00:00"
489,"2012-03-20 00:00:00"
415,"2012-03-21 00:00:00"
471,"2012-03-22 00:00:00"
654,"2012-03-23 00:00:00"
769,"2012-03-24 00:00:00"
617,"2012-03-25 00:00:00"
481,"2012-03-26 00:00:00"
423,"2012-03-27 00:00:00"
466,"2012-03-28 00:00:00"
532,"2012-03-29 00:00:00"
520,"2012-03-30 00:00:00"
761,"2012-03-31 00:00:00"
578,"2012-04-01 00:00:00"
379,"2012-04-02 00:00:00"
431,"2012-04-03 00:00:00"
513,"2012-04-04 00:00:00"
452,"2012-04-05 00:00:00"
714,"2012-04-06 00:00:00"
788,"2012-04-07 00:00:00"
541,"2012-04-08 00:00:00"
379,"2012-04-09 00:00:00"
405,"2012-04-10 00:00:00"
391,"2012-04-11 00:00:00"
462,"2012-04-12 00:00:00"
636,"2012-04-13 00:00:00"
793,"2012-04-14 00:00:00"
564,"2012-04-15 00:00:00"
398,"2012-04-16 00:00:00"
457,"2012-04-17 00:00:00"
485,"2012-04-18 00:00:00"
536,"2012-04-19 00:00:00"
688,"2012-04-20 00:00:00"
866,"2012-04-21 00:00:00"
720,"2012-04-22 00:00:00"
401,"2012-04-23 00:00:00"
459,"2012-04-24 00:00:00"
484,"2012-04-25 00:00:00"
545,"2012-04-26 00:00:00"
620,"2012-04-27 00:00:00"
797,"2012-04-28 00:00:00"
689,"2012-04-29 00:00:00"
547,"2012-04-30 00:00:00"
473,"2012-05-01 00:00:00"
443,"2012-05-02 00:00:00"
489,"2012-05-03 00:00:00"
719,"2012-05-04 00:00:00"
782,"2012-05-05 00:00:00"
670,"2012-05-06 00:00:00"
455,"2012-05-07 00:00:00"
469,"2012-05-08 00:00:00"
491,"2012-05-09 00:00:00"
514,"2012-05-10 00:00:00"
718,"2012-05-11 00:00:00"
787,"2012-05-12 00:00:00"
624,"2012-05-13 00:00:00"
420,"2012-05-14 00:00:00"
493,"2012-05-15 00:00:00"
489,"2012-05-16 00:00:00"
554,"2012-05-17 00:00:00"
732,"2012-05-18 00:00:00"
875,"2012-05-19 00:00:00"
652,"2012-05-20 00:00:00"
485,"2012-05-21 00:00:00"
490,"2012-05-22 00:00:00"
506,"2012-05-23 00:00:00"
497,"2012-05-24 00:00:00"
719,"2012-05-25 00:00:00"
820,"2012-05-26 00:00:00"
724,"2012-05-27 00:00:00"
570,"2012-05-28 00:00:00"
467,"2012-05-29 00:00:00"
476,"2012-05-30 00:00:00"
530,"2012-05-31 00:00:00"
680,"2012-06-01 00:00:00"
751,"2012-06-02 00:00:00"
603,"2012-06-03 00:00:00"
461,"2012-06-04 00:00:00"
474,"2012-06-05 00:00:00"
443,"2012-06-06 00:00:00"
577,"2012-06-07 00:00:00"
814,"2012-06-08 00:00:00"
834,"2012-06-09 00:00:00"
693,"2012-06-10 00:00:00"
545,"2012-06-11 00:00:00"
520,"2012-06-12 00:00:00"
505,"2012-06-13 00:00:00"
600,"2012-06-14 00:00:00"
782,"2012-06-15 00:00:00"
807,"2012-06-16 00:00:00"
680,"2012-06-17 00:00:00"
455,"2012-06-18 00:00:00"
543,"2012-06-19 00:00:00"
558,"2012-06-20 00:00:00"
570,"2012-06-21 00:00:00"
721,"2012-06-22 00:00:00"
902,"2012-06-23 00:00:00"
671,"2012-06-24 00:00:00"
495,"2012-06-25 00:00:00"
535,"2012-06-26 00:00:00"
533,"2012-06-27 00:00:00"
539,"2012-06-28 00:00:00"
808,"2012-06-29 00:00:00"
737,"2012-06-30 00:00:00"
676,"2012-07-01 00:00:00"
514,"2012-07-02 00:00:00"
603,"2012-07-03 00:00:00"
558,"2012-07-04 00:00:00"
558,"2012-07-05 00:00:00"
740,"2012-07-06 00:00:00"
879,"2012-07-07 00:00:00"
580,"2012-07-08 00:00:00"
499,"2012-07-09 00:00:00"
526,"2012-07-10 00:00:00"
510,"2012-07-11 00:00:00"
571,"2012-07-12 00:00:00"
763,"2012-07-13 00:00:00"
853,"2012-07-14 00:00:00"
661,"2012-07-15 00:00:00"
501,"2012-07-16 00:00:00"
494,"2012-07-17 00:00:00"
542,"2012-07-18 00:00:00"
579,"2012-07-19 00:00:00"
713,"2012-07-20 00:00:00"
933,"2012-07-21 00:00:00"
675,"2012-07-22 00:00:00"
525,"2012-07-23 00:00:00"
549,"2012-07-24 00:00:00"
502,"2012-07-25 00:00:00"
564,"2012-07-26 00:00:00"
685,"2012-07-27 00:00:00"
859,"2012-07-28 00:00:00"
659,"2012-07-29 00:00:00"
526,"2012-07-30 00:00:00"
508,"2012-07-31 00:00:00"
580,"2012-08-01 00:00:00"
613,"2012-08-02 00:00:00"
776,"2012-08-03 00:00:00"
943,"2012-08-04 00:00:00"
740,"2012-08-05 00:00:00"
538,"2012-08-06 00:00:00"
558,"2012-08-07 00:00:00"
521,"2012-08-08 00:00:00"
586,"2012-08-09 00:00:00"
800,"2012-08-10 00:00:00"
926,"2012-08-11 00:00:00"
703,"2012-08-12 00:00:00"
493,"2012-08-13 00:00:00"
545,"2012-08-14 00:00:00"
512,"2012-08-15 00:00:00"
557,"2012-08-16 00:00:00"
749,"2012-08-17 00:00:00"
846,"2012-08-18 00:00:00"
677,"2012-08-19 00:00:00"
493,"2012-08-20 00:00:00"
495,"2012-08-21 00:00:00"
519,"2012-08-22 00:00:00"
563,"2012-08-23 00:00:00"
651,"2012-08-24 00:00:00"
771,"2012-08-25 00:00:00"
615,"2012-08-26 00:00:00"
460,"2012-08-27 00:00:00"
448,"2012-08-28 00:00:00"
454,"2012-08-29 00:00:00"
443,"2012-08-30 00:00:00"
596,"2012-08-31 00:00:00"
699,"2012-09-01 00:00:00"
537,"2012-09-02 00:00:00"
458,"2012-09-03 00:00:00"
350,"2012-09-04 00:00:00"
379,"2012-09-05 00:00:00"
370,"2012-09-06 00:00:00"
459,"2012-09-07 00:00:00"
608,"2012-09-08 00:00:00"
417,"2012-09-09 00:00:00"
269,"2012-09-10 00:00:00"
299,"2012-09-11 00:00:00"
293,"2012-09-12 00:00:00"
317,"2012-09-13 00:00:00"
433,"2012-09-14 00:00:00"
485,"2012-09-15 00:00:00"
359,"2012-09-16 00:00:00"
281,"2012-09-17 00:00:00"
277,"2012-09-18 00:00:00"
321,"2012-09-19 00:00:00"
348,"2012-09-20 00:00:00"
456,"2012-09-21 00:00:00"
519,"2012-09-22 00:00:00"
393,"2012-09-23 00:00:00"
320,"2012-09-24 00:00:00"
324,"2012-09-25 00:00:00"
303,"2012-09-26 00:00:00"
360,"2012-09-27 00:00:00"
426,"2012-09-28 00:00:00"
488,"2012-09-29 00:00:00"
391,"2012-09-30 00:00:00"
321,"2012-10-01 00:00:00"
300,"2012-10-02 00:00:00"
286,"2012-10-03 00:00:00"
334,"2012-10-04 00:00:00"
377,"2012-10-05 00:00:00"
472,"2012-10-06 00:00:00"
382,"2012-10-07 00:00:00"
274,"2012-10-08 00:00:00"
309,"2012-10-09 00:00:00"
258,"2012-10-10 00:00:00"
270,"2012-10-11 00:00:00"
393,"2012-10-12 00:00:00"
498,"2012-10-13 00:00:00"
388,"2012-10-14 00:00:00"
299,"2012-10-15 00:00:00"
283,"2012-10-16 00:00:00"
296,"2012-10-17 00:00:00"
353,"2012-10-18 00:00:00"
405,"2012-10-19 00:00:00"
489,"2012-10-20 00:00:00"
409,"2012-10-21 00:00:00"
311,"2012-10-22 00:00:00"
257,"2012-10-23 00:00:00"
312,"2012-10-24 00:00:00"
285,"2012-10-25 00:00:00"
364,"2012-10-26 00:00:00"
392,"2012-10-27 00:00:00"
333,"2012-10-28 00:00:00"
256,"2012-10-29 00:00:00"
273,"2012-10-30 00:00:00"
272,"2012-10-31 00:00:00"
298,"2012-11-01 00:00:00"
411,"2012-11-02 00:00:00"
487,"2012-11-03 00:00:00"
346,"2012-11-04 00:00:00"
279,"2012-11-05 00:00:00"
223,"2012-11-06 00:00:00"
237,"2012-11-07 00:00:00"
274,"2012-11-08 00:00:00"
370,"2012-11-09 00:00:00"
487,"2012-11-10 00:00:00"
365,"2012-11-11 00:00:00"
303,"2012-11-12 00:00:00"
286,"2012-11-13 00:00:00"
260,"2012-11-14 00:00:00"
315,"2012-11-15 00:00:00"
362,"2012-11-16 00:00:00"
489,"2012-11-17 00:00:00"
348,"2012-11-18 00:00:00"
284,"2012-11-19 00:00:00"
303,"2012-11-20 00:00:00"
395,"2012-11-21 00:00:00"
197,"2012-11-22 00:00:00"
397,"2012-11-23 00:00:00"
415,"2012-11-24 00:00:00"
357,"2012-11-25 00:00:00"
276,"2012-11-26 00:00:00"
283,"2012-11-27 00:00:00"
270,"2012-11-28 00:00:00"
301,"2012-11-29 00:00:00"
407,"2012-11-30 00:00:00"
488,"2012-12-01 00:00:00"
406,"2012-12-02 00:00:00"
290,"2012-12-03 00:00:00"
290,"2012-12-04 00:00:00"
306,"2012-12-05 00:00:00"
293,"2012-12-06 00:00:00"
351,"2012-12-07 00:00:00"
454,"2012-12-08 00:00:00"
281,"2012-12-09 00:00:00"
263,"2012-12-10 00:00:00"
229,"2012-12-11 00:00:00"
296,"2012-12-12 00:00:00"
276,"2012-12-13 00:00:00"
337,"2012-12-14 00:00:00"
462,"2012-12-15 00:00:00"
316,"2012-12-16 00:00:00"
321,"2012-12-17 00:00:00"
311,"2012-12-18 00:00:00"
300,"2012-12-19 00:00:00"
273,"2012-12-20 00:00:00"
379,"2012-12-21 00:00:00"
433,"2012-12-22 00:00:00"
335,"2012-12-23 00:00:00"
262,"2012-12-24 00:00:00"
146,"2012-12-25 00:00:00"
324,"2012-12-26 00:00:00"
348,"2012-12-27 00:00:00"
433,"2012-12-28 00:00:00"
489,"2012-12-29 00:00:00"
494,"2012-12-30 00:00:00"
433,"2012-12-31 00:00:00"
364,"2013-01-01 00:00:00"
440,"2013-01-02 00:00:00"
403,"2013-01-03 00:00:00"
543,"2013-01-04 00:00:00"
599,"2013-01-05 00:00:00"
476,"2013-01-06 00:00:00"
314,"2013-01-07 00:00:00"
415,"2013-01-08 00:00:00"
407,"2013-01-09 00:00:00"
400,"2013-01-10 00:00:00"
521,"2013-01-11 00:00:00"
580,"2013-01-12 00:00:00"
532,"2013-01-13 00:00:00"
512,"2013-01-14 00:00:00"
373,"2013-01-15 00:00:00"
331,"2013-01-16 00:00:00"
339,"2013-01-17 00:00:00"
456,"2013-01-18 00:00:00"
620,"2013-01-19 00:00:00"
494,"2013-01-20 00:00:00"
445,"2013-01-21 00:00:00"
342,"2013-01-22 00:00:00"
343,"2013-01-23 00:00:00"
328,"2013-01-24 00:00:00"
356,"2013-01-25 00:00:00"
580,"2013-01-26 00:00:00"
412,"2013-01-27 00:00:00"
385,"2013-01-28 00:00:00"
420,"2013-01-29 00:00:00"
358,"2013-01-30 00:00:00"
381,"2013-01-31 00:00:00"
438,"2013-02-01 00:00:00"
543,"2013-02-02 00:00:00"
373,"2013-02-03 00:00:00"
272,"2013-02-04 00:00:00"
318,"2013-02-05 00:00:00"
390,"2013-02-06 00:00:00"
365,"2013-02-07 00:00:00"
425,"2013-02-08 00:00:00"
558,"2013-02-09 00:00:00"
441,"2013-02-10 00:00:00"
229,"2013-02-11 00:00:00"
325,"2013-02-12 00:00:00"
387,"2013-02-13 00:00:00"
417,"2013-02-14 00:00:00"
436,"2013-02-15 00:00:00"
650,"2013-02-16 00:00:00"
562,"2013-02-17 00:00:00"
463,"2013-02-18 00:00:00"
402,"2013-02-19 00:00:00"
389,"2013-02-20 00:00:00"
369,"2013-02-21 00:00:00"
461,"2013-02-22 00:00:00"
588,"2013-02-23 00:00:00"
495,"2013-02-24 00:00:00"
352,"2013-02-25 00:00:00"
348,"2013-02-26 00:00:00"
363,"2013-02-27 00:00:00"
389,"2013-02-28 00:00:00"
482,"2013-03-01 00:00:00"
680,"2013-03-02 00:00:00"
546,"2013-03-03 00:00:00"
407,"2013-03-04 00:00:00"
378,"2013-03-05 00:00:00"
380,"2013-03-06 00:00:00"
407,"2013-03-07 00:00:00"
393,"2013-03-08 00:00:00"
672,"2013-03-09 00:00:00"
448,"2013-03-10 00:00:00"
350,"2013-03-11 00:00:00"
342,"2013-03-12 00:00:00"
398,"2013-03-13 00:00:00"
378,"2013-03-14 00:00:00"
483,"2013-03-15 00:00:00"
626,"2013-03-16 00:00:00"
526,"2013-03-17 00:00:00"
369,"2013-03-18 00:00:00"
385,"2013-03-19 00:00:00"
397,"2013-03-20 00:00:00"
416,"2013-03-21 00:00:00"
508,"2013-03-22 00:00:00"
695,"2013-03-23 00:00:00"
525,"2013-03-24 00:00:00"
394,"2013-03-25 00:00:00"
378,"2013-03-26 00:00:00"
429,"2013-03-27 00:00:00"
459,"2013-03-28 00:00:00"
575,"2013-03-29 00:00:00"
660,"2013-03-30 00:00:00"
426,"2013-03-31 00:00:00"
348,"2013-04-01 00:00:00"
368,"2013-04-02 00:00:00"
399,"2013-04-03 00:00:00"
447,"2013-04-04 00:00:00"
521,"2013-04-05 00:00:00"
648,"2013-04-06 00:00:00"
568,"2013-04-07 00:00:00"
369,"2013-04-08 00:00:00"
397,"2013-04-09 00:00:00"
413,"2013-04-10 00:00:00"
440,"2013-04-11 00:00:00"
494,"2013-04-12 00:00:00"
648,"2013-04-13 00:00:00"
495,"2013-04-14 00:00:00"
370,"2013-04-15 00:00:00"
307,"2013-04-16 00:00:00"
436,"2013-04-17 00:00:00"
383,"2013-04-18 00:00:00"
488,"2013-04-19 00:00:00"
656,"2013-04-20 00:00:00"
538,"2013-04-21 00:00:00"
389,"2013-04-22 00:00:00"
388,"2013-04-23 00:00:00"
404,"2013-04-24 00:00:00"
387,"2013-04-25 00:00:00"
521,"2013-04-26 00:00:00"
672,"2013-04-27 00:00:00"
471,"2013-04-28 00:00:00"
385,"2013-04-29 00:00:00"
387,"2013-04-30 00:00:00"
370,"2013-05-01 00:00:00"
415,"2013-05-02 00:00:00"
511,"2013-05-03 00:00:00"
601,"2013-05-04 00:00:00"
509,"2013-05-05 00:00:00"
365,"2013-05-06 00:00:00"
362,"2013-05-07 00:00:00"
366,"2013-05-08 00:00:00"
411,"2013-05-09 00:00:00"
501,"2013-05-10 00:00:00"
642,"2013-05-11 00:00:00"
518,"2013-05-12 00:00:00"
325,"2013-05-13 00:00:00"
419,"2013-05-14 00:00:00"
408,"2013-05-15 00:00:00"
444,"2013-05-16 00:00:00"
523,"2013-05-17 00:00:00"
594,"2013-05-18 00:00:00"
523,"2013-05-19 00:00:00"
359,"2013-05-20 00:00:00"
402,"2013-05-21 00:00:00"
393,"2013-05-22 00:00:00"
369,"2013-05-23 00:00:00"
506,"2013-05-24 00:00:00"
628,"2013-05-25 00:00:00"
520,"2013-05-26 00:00:00"
414,"2013-05-27 00:00:00"
424,"2013-05-28 00:00:00"
495,"2013-05-29 00:00:00"
450,"2013-05-30 00:00:00"
596,"2013-05-31 00:00:00"
672,"2013-06-01 00:00:00"
514,"2013-06-02 00:00:00"
373,"2013-06-03 00:00:00"
450,"2013-06-04 00:00:00"
483,"2013-06-05 00:00:00"
430,"2013-06-06 00:00:00"
517,"2013-06-07 00:00:00"
617,"2013-06-08 00:00:00"
530,"2013-06-09 00:00:00"
369,"2013-06-10 00:00:00"
450,"2013-06-11 00:00:00"
435,"2013-06-12 00:00:00"
434,"2013-06-13 00:00:00"
561,"2013-06-14 00:00:00"
638,"2013-06-15 00:00:00"
565,"2013-06-16 00:00:00"
347,"2013-06-17 00:00:00"
424,"2013-06-18 00:00:00"
375,"2013-06-19 00:00:00"
429,"2013-06-20 00:00:00"
611,"2013-06-21 00:00:00"
628,"2013-06-22 00:00:00"
547,"2013-06-23 00:00:00"
399,"2013-06-24 00:00:00"
431,"2013-06-25 00:00:00"
391,"2013-06-26 00:00:00"
395,"2013-06-27 00:00:00"
501,"2013-06-28 00:00:00"
583,"2013-06-29 00:00:00"
516,"2013-06-30 00:00:00"
414,"2013-07-01 00:00:00"
447,"2013-07-02 00:00:00"
479,"2013-07-03 00:00:00"
435,"2013-07-04 00:00:00"
509,"2013-07-05 00:00:00"
703,"2013-07-06 00:00:00"
583,"2013-07-07 00:00:00"
436,"2013-07-08 00:00:00"
402,"2013-07-09 00:00:00"
388,"2013-07-10 00:00:00"
412,"2013-07-11 00:00:00"
539,"2013-07-12 00:00:00"
645,"2013-07-13 00:00:00"
532,"2013-07-14 00:00:00"
464,"2013-07-15 00:00:00"
395,"2013-07-16 00:00:00"
464,"2013-07-17 00:00:00"
420,"2013-07-18 00:00:00"
490,"2013-07-19 00:00:00"
632,"2013-07-20 00:00:00"
493,"2013-07-21 00:00:00"
370,"2013-07-22 00:00:00"
440,"2013-07-23 00:00:00"
472,"2013-07-24 00:00:00"
394,"2013-07-25 00:00:00"
519,"2013-07-26 00:00:00"
649,"2013-07-27 00:00:00"
618,"2013-07-28 00:00:00"
405,"2013-07-29 00:00:00"
478,"2013-07-30 00:00:00"
484,"2013-07-31 00:00:00"
488,"2013-08-01 00:00:00"
605,"2013-08-02 00:00:00"
687,"2013-08-03 00:00:00"
547,"2013-08-04 00:00:00"
410,"2013-08-05 00:00:00"
389,"2013-08-06 00:00:00"
390,"2013-08-07 00:00:00"
476,"2013-08-08 00:00:00"
496,"2013-08-09 00:00:00"
624,"2013-08-10 00:00:00"
578,"2013-08-11 00:00:00"
410,"2013-08-12 00:00:00"
513,"2013-08-13 00:00:00"
488,"2013-08-14 00:00:00"
526,"2013-08-15 00:00:00"
557,"2013-08-16 00:00:00"
710,"2013-08-17 00:00:00"
565,"2013-08-18 00:00:00"
440,"2013-08-19 00:00:00"
451,"2013-08-20 00:00:00"
513,"2013-08-21 00:00:00"
482,"2013-08-22 00:00:00"
522,"2013-08-23 00:00:00"
666,"2013-08-24 00:00:00"
552,"2013-08-25 00:00:00"
395,"2013-08-26 00:00:00"
415,"2013-08-27 00:00:00"
410,"2013-08-28 00:00:00"
411,"2013-08-29 00:00:00"
552,"2013-08-30 00:00:00"
626,"2013-08-31 00:00:00"
535,"2013-09-01 00:00:00"
456,"2013-09-02 00:00:00"
362,"2013-09-03 00:00:00"
352,"2013-09-04 00:00:00"
412,"2013-09-05 00:00:00"
509,"2013-09-06 00:00:00"
638,"2013-09-07 00:00:00"
501,"2013-09-08 00:00:00"
385,"2013-09-09 00:00:00"
406,"2013-09-10 00:00:00"
357,"2013-09-11 00:00:00"
436,"2013-09-12 00:00:00"
489,"2013-09-13 00:00:00"
604,"2013-09-14 00:00:00"
503,"2013-09-15 00:00:00"
374,"2013-09-16 00:00:00"
348,"2013-09-17 00:00:00"
388,"2013-09-18 00:00:00"
363,"2013-09-19 00:00:00"
444,"2013-09-20 00:00:00"
627,"2013-09-21 00:00:00"
454,"2013-09-22 00:00:00"
348,"2013-09-23 00:00:00"
322,"2013-09-24 00:00:00"
362,"2013-09-25 00:00:00"
418,"2013-09-26 00:00:00"
456,"2013-09-27 00:00:00"
553,"2013-09-28 00:00:00"
427,"2013-09-29 00:00:00"
347,"2013-09-30 00:00:00"
347,"2013-10-01 00:00:00"
350,"2013-10-02 00:00:00"
347,"2013-10-03 00:00:00"
480,"2013-10-04 00:00:00"
582,"2013-10-05 00:00:00"
448,"2013-10-06 00:00:00"
343,"2013-10-07 00:00:00"
376,"2013-10-08 00:00:00"
357,"2013-10-09 00:00:00"
369,"2013-10-10 00:00:00"
494,"2013-10-11 00:00:00"
570,"2013-10-12 00:00:00"
448,"2013-10-13 00:00:00"
357,"2013-10-14 00:00:00"
330,"2013-10-15 00:00:00"
366,"2013-10-16 00:00:00"
335,"2013-10-17 00:00:00"
466,"2013-10-18 00:00:00"
547,"2013-10-19 00:00:00"
481,"2013-10-20 00:00:00"
359,"2013-10-21 00:00:00"
341,"2013-10-22 00:00:00"
329,"2013-10-23 00:00:00"
405,"2013-10-24 00:00:00"
471,"2013-10-25 00:00:00"
494,"2013-10-26 00:00:00"
412,"2013-10-27 00:00:00"
253,"2013-10-28 00:00:00"
288,"2013-10-29 00:00:00"
313,"2013-10-30 00:00:00"
349,"2013-10-31 00:00:00"
392,"2013-11-01 00:00:00"
526,"2013-11-02 00:00:00"
421,"2013-11-03 00:00:00"
339,"2013-11-04 00:00:00"
336,"2013-11-05 00:00:00"
358,"2013-11-06 00:00:00"
365,"2013-11-07 00:00:00"
483,"2013-11-08 00:00:00"
615,"2013-11-09 00:00:00"
424,"2013-11-10 00:00:00"
407,"2013-11-11 00:00:00"
343,"2013-11-12 00:00:00"
335,"2013-11-13 00:00:00"
360,"2013-11-14 00:00:00"
404,"2013-11-15 00:00:00"
544,"2013-11-16 00:00:00"
428,"2013-11-17 00:00:00"
348,"2013-11-18 00:00:00"
310,"2013-11-19 00:00:00"
338,"2013-11-20 00:00:00"
364,"2013-11-21 00:00:00"
370,"2013-11-22 00:00:00"
485,"2013-11-23 00:00:00"
437,"2013-11-24 00:00:00"
291,"2013-11-25 00:00:00"
308,"2013-11-26 00:00:00"
386,"2013-11-27 00:00:00"
232,"2013-11-28 00:00:00"
415,"2013-11-29 00:00:00"
464,"2013-11-30 00:00:00"
380,"2013-12-01 00:00:00"
303,"2013-12-02 00:00:00"
318,"2013-12-03 00:00:00"
328,"2013-12-04 00:00:00"
349,"2013-12-05 00:00:00"
357,"2013-12-06 00:00:00"
501,"2013-12-07 00:00:00"
387,"2013-12-08 00:00:00"
242,"2013-12-09 00:00:00"
316,"2013-12-10 00:00:00"
296,"2013-12-11 00:00:00"
326,"2013-12-12 00:00:00"
402,"2013-12-13 00:00:00"
465,"2013-12-14 00:00:00"
404,"2013-12-15 00:00:00"
273,"2013-12-16 00:00:00"
292,"2013-12-17 00:00:00"
311,"2013-12-18 00:00:00"
328,"2013-12-19 00:00:00"
378,"2013-12-20 00:00:00"
489,"2013-12-21 00:00:00"
383,"2013-12-22 00:00:00"
378,"2013-12-23 00:00:00"
298,"2013-12-24 00:00:00"
203,"2013-12-25 00:00:00"
366,"2013-12-26 00:00:00"
479,"2013-12-27 00:00:00"
563,"2013-12-28 00:00:00"
425,"2013-12-29 00:00:00"
426,"2013-12-30 00:00:00"
396,"2013-12-31 00:00:00"
421,"2014-01-01 00:00:00"
368,"2014-01-02 00:00:00"
413,"2014-01-03 00:00:00"
554,"2014-01-04 00:00:00"
421,"2014-01-05 00:00:00"
341,"2014-01-06 00:00:00"
346,"2014-01-07 00:00:00"
387,"2014-01-08 00:00:00"
385,"2014-01-09 00:00:00"
477,"2014-01-10 00:00:00"
559,"2014-01-11 00:00:00"
449,"2014-01-12 00:00:00"
318,"2014-01-13 00:00:00"
337,"2014-01-14 00:00:00"
377,"2014-01-15 00:00:00"
340,"2014-01-16 00:00:00"
491,"2014-01-17 00:00:00"
636,"2014-01-18 00:00:00"
446,"2014-01-19 00:00:00"
395,"2014-01-20 00:00:00"
315,"2014-01-21 00:00:00"
315,"2014-01-22 00:00:00"
365,"2014-01-23 00:00:00"
409,"2014-01-24 00:00:00"
544,"2014-01-25 00:00:00"
442,"2014-01-26 00:00:00"
351,"2014-01-27 00:00:00"
343,"2014-01-28 00:00:00"
359,"2014-01-29 00:00:00"
333,"2014-01-30 00:00:00"
446,"2014-01-31 00:00:00"
589,"2014-02-01 00:00:00"
371,"2014-02-02 00:00:00"
286,"2014-02-03 00:00:00"
332,"2014-02-04 00:00:00"
389,"2014-02-05 00:00:00"
361,"2014-02-06 00:00:00"
485,"2014-02-07 00:00:00"
619,"2014-02-08 00:00:00"
518,"2014-02-09 00:00:00"
348,"2014-02-10 00:00:00"
386,"2014-02-11 00:00:00"
379,"2014-02-12 00:00:00"
393,"2014-02-13 00:00:00"
600,"2014-02-14 00:00:00"
679,"2014-02-15 00:00:00"
642,"2014-02-16 00:00:00"
519,"2014-02-17 00:00:00"
394,"2014-02-18 00:00:00"
407,"2014-02-19 00:00:00"
460,"2014-02-20 00:00:00"
513,"2014-02-21 00:00:00"
644,"2014-02-22 00:00:00"
596,"2014-02-23 00:00:00"
382,"2014-02-24 00:00:00"
410,"2014-02-25 00:00:00"
394,"2014-02-26 00:00:00"
418,"2014-02-27 00:00:00"
600,"2014-02-28 00:00:00"
857,"2014-03-01 00:00:00"
640,"2014-03-02 00:00:00"
408,"2014-03-03 00:00:00"
430,"2014-03-04 00:00:00"
470,"2014-03-05 00:00:00"
467,"2014-03-06 00:00:00"
578,"2014-03-07 00:00:00"
746,"2014-03-08 00:00:00"
601,"2014-03-09 00:00:00"
435,"2014-03-10 00:00:00"
425,"2014-03-11 00:00:00"
409,"2014-03-12 00:00:00"
528,"2014-03-13 00:00:00"
621,"2014-03-14 00:00:00"
719,"2014-03-15 00:00:00"
678,"2014-03-16 00:00:00"
416,"2014-03-17 00:00:00"
439,"2014-03-18 00:00:00"
483,"2014-03-19 00:00:00"
492,"2014-03-20 00:00:00"
600,"2014-03-21 00:00:00"
735,"2014-03-22 00:00:00"
645,"2014-03-23 00:00:00"
469,"2014-03-24 00:00:00"
411,"2014-03-25 00:00:00"
540,"2014-03-26 00:00:00"
523,"2014-03-27 00:00:00"
610,"2014-03-28 00:00:00"
756,"2014-03-29 00:00:00"
643,"2014-03-30 00:00:00"
424,"2014-03-31 00:00:00"
413,"2014-04-01 00:00:00"
457,"2014-04-02 00:00:00"
480,"2014-04-03 00:00:00"
571,"2014-04-04 00:00:00"
750,"2014-04-05 00:00:00"
610,"2014-04-06 00:00:00"
417,"2014-04-07 00:00:00"
520,"2014-04-08 00:00:00"
447,"2014-04-09 00:00:00"
451,"2014-04-10 00:00:00"
593,"2014-04-11 00:00:00"
771,"2014-04-12 00:00:00"
632,"2014-04-13 00:00:00"
440,"2014-04-14 00:00:00"
454,"2014-04-15 00:00:00"
488,"2014-04-16 00:00:00"
526,"2014-04-17 00:00:00"
677,"2014-04-18 00:00:00"
761,"2014-04-19 00:00:00"
516,"2014-04-20 00:00:00"
486,"2014-04-21 00:00:00"
446,"2014-04-22 00:00:00"
506,"2014-04-23 00:00:00"
500,"2014-04-24 00:00:00"
566,"2014-04-25 00:00:00"
750,"2014-04-26 00:00:00"
670,"2014-04-27 00:00:00"
406,"2014-04-28 00:00:00"
426,"2014-04-29 00:00:00"
464,"2014-04-30 00:00:00"
450,"2014-05-01 00:00:00"
521,"2014-05-02 00:00:00"
714,"2014-05-03 00:00:00"
621,"2014-05-04 00:00:00"
409,"2014-05-05 00:00:00"
474,"2014-05-06 00:00:00"
474,"2014-05-07 00:00:00"
461,"2014-05-08 00:00:00"
533,"2014-05-09 00:00:00"
723,"2014-05-10 00:00:00"
599,"2014-05-11 00:00:00"
423,"2014-05-12 00:00:00"
440,"2014-05-13 00:00:00"
487,"2014-05-14 00:00:00"
467,"2014-05-15 00:00:00"
523,"2014-05-16 00:00:00"
735,"2014-05-17 00:00:00"
623,"2014-05-18 00:00:00"
422,"2014-05-19 00:00:00"
436,"2014-05-20 00:00:00"
492,"2014-05-21 00:00:00"
502,"2014-05-22 00:00:00"
613,"2014-05-23 00:00:00"
772,"2014-05-24 00:00:00"
629,"2014-05-25 00:00:00"
572,"2014-05-26 00:00:00"
412,"2014-05-27 00:00:00"
471,"2014-05-28 00:00:00"
497,"2014-05-29 00:00:00"
541,"2014-05-30 00:00:00"
788,"2014-05-31 00:00:00"
653,"2014-06-01 00:00:00"
472,"2014-06-02 00:00:00"
533,"2014-06-03 00:00:00"
506,"2014-06-04 00:00:00"
503,"2014-06-05 00:00:00"
554,"2014-06-06 00:00:00"
684,"2014-06-07 00:00:00"
501,"2014-06-08 00:00:00"
427,"2014-06-09 00:00:00"
487,"2014-06-10 00:00:00"
406,"2014-06-11 00:00:00"
440,"2014-06-12 00:00:00"
571,"2014-06-13 00:00:00"
728,"2014-06-14 00:00:00"
570,"2014-06-15 00:00:00"
373,"2014-06-16 00:00:00"
449,"2014-06-17 00:00:00"
456,"2014-06-18 00:00:00"
478,"2014-06-19 00:00:00"
546,"2014-06-20 00:00:00"
656,"2014-06-21 00:00:00"
561,"2014-06-22 00:00:00"
432,"2014-06-23 00:00:00"
435,"2014-06-24 00:00:00"
453,"2014-06-25 00:00:00"
443,"2014-06-26 00:00:00"
574,"2014-06-27 00:00:00"
676,"2014-06-28 00:00:00"
574,"2014-06-29 00:00:00"
476,"2014-06-30 00:00:00"
484,"2014-07-01 00:00:00"
473,"2014-07-02 00:00:00"
537,"2014-07-03 00:00:00"
544,"2014-07-04 00:00:00"
658,"2014-07-05 00:00:00"
661,"2014-07-06 00:00:00"
463,"2014-07-07 00:00:00"
474,"2014-07-08 00:00:00"
506,"2014-07-09 00:00:00"
499,"2014-07-10 00:00:00"
619,"2014-07-11 00:00:00"
706,"2014-07-12 00:00:00"
598,"2014-07-13 00:00:00"
476,"2014-07-14 00:00:00"
500,"2014-07-15 00:00:00"
523,"2014-07-16 00:00:00"
482,"2014-07-17 00:00:00"
600,"2014-07-18 00:00:00"
770,"2014-07-19 00:00:00"
602,"2014-07-20 00:00:00"
495,"2014-07-21 00:00:00"
501,"2014-07-22 00:00:00"
568,"2014-07-23 00:00:00"
503,"2014-07-24 00:00:00"
601,"2014-07-25 00:00:00"
725,"2014-07-26 00:00:00"
633,"2014-07-27 00:00:00"
484,"2014-07-28 00:00:00"
487,"2014-07-29 00:00:00"
507,"2014-07-30 00:00:00"
504,"2014-07-31 00:00:00"
638,"2014-08-01 00:00:00"
771,"2014-08-02 00:00:00"
627,"2014-08-03 00:00:00"
440,"2014-08-04 00:00:00"
512,"2014-08-05 00:00:00"
516,"2014-08-06 00:00:00"
498,"2014-08-07 00:00:00"
596,"2014-08-08 00:00:00"
712,"2014-08-09 00:00:00"
586,"2014-08-10 00:00:00"
438,"2014-08-11 00:00:00"
404,"2014-08-12 00:00:00"
438,"2014-08-13 00:00:00"
437,"2014-08-14 00:00:00"
543,"2014-08-15 00:00:00"
664,"2014-08-16 00:00:00"
555,"2014-08-17 00:00:00"
450,"2014-08-18 00:00:00"
375,"2014-08-19 00:00:00"
413,"2014-08-20 00:00:00"
407,"2014-08-21 00:00:00"
508,"2014-08-22 00:00:00"
635,"2014-08-23 00:00:00"
533,"2014-08-24 00:00:00"
370,"2014-08-25 00:00:00"
325,"2014-08-26 00:00:00"
285,"2014-08-27 00:00:00"
315,"2014-08-28 00:00:00"
376,"2014-08-29 00:00:00"
420,"2014-08-30 00:00:00"
422,"2014-08-31 00:00:00"
409,"2014-09-01 00:00:00"
278,"2014-09-02 00:00:00"
267,"2014-09-03 00:00:00"
299,"2014-09-04 00:00:00"
321,"2014-09-05 00:00:00"
451,"2014-09-06 00:00:00"
407,"2014-09-07 00:00:00"
272,"2014-09-08 00:00:00"
301,"2014-09-09 00:00:00"
323,"2014-09-10 00:00:00"
301,"2014-09-11 00:00:00"
340,"2014-09-12 00:00:00"
426,"2014-09-13 00:00:00"
333,"2014-09-14 00:00:00"
268,"2014-09-15 00:00:00"
261,"2014-09-16 00:00:00"
282,"2014-09-17 00:00:00"
260,"2014-09-18 00:00:00"
277,"2014-09-19 00:00:00"
391,"2014-09-20 00:00:00"
324,"2014-09-21 00:00:00"
259,"2014-09-22 00:00:00"
265,"2014-09-23 00:00:00"
254,"2014-09-24 00:00:00"
280,"2014-09-25 00:00:00"
327,"2014-09-26 00:00:00"
404,"2014-09-27 00:00:00"
346,"2014-09-28 00:00:00"
245,"2014-09-29 00:00:00"
246,"2014-09-30 00:00:00"
259,"2014-10-01 00:00:00"
226,"2014-10-02 00:00:00"
299,"2014-10-03 00:00:00"
388,"2014-10-04 00:00:00"
332,"2014-10-05 00:00:00"
237,"2014-10-06 00:00:00"
225,"2014-10-07 00:00:00"
272,"2014-10-08 00:00:00"
272,"2014-10-09 00:00:00"
308,"2014-10-10 00:00:00"
348,"2014-10-11 00:00:00"
329,"2014-10-12 00:00:00"
252,"2014-10-13 00:00:00"
254,"2014-10-14 00:00:00"
260,"2014-10-15 00:00:00"
248,"2014-10-16 00:00:00"
290,"2014-10-17 00:00:00"
367,"2014-10-18 00:00:00"
297,"2014-10-19 00:00:00"
260,"2014-10-20 00:00:00"
277,"2014-10-21 00:00:00"
250,"2014-10-22 00:00:00"
262,"2014-10-23 00:00:00"
319,"2014-10-24 00:00:00"
397,"2014-10-25 00:00:00"
377,"2014-10-26 00:00:00"
248,"2014-10-27 00:00:00"
273,"2014-10-28 00:00:00"
273,"2014-10-29 00:00:00"
226,"2014-10-30 00:00:00"
244,"2014-10-31 00:00:00"
333,"2014-11-01 00:00:00"
312,"2014-11-02 00:00:00"
244,"2014-11-03 00:00:00"
236,"2014-11-04 00:00:00"
249,"2014-11-05 00:00:00"
249,"2014-11-06 00:00:00"
284,"2014-11-07 00:00:00"
398,"2014-11-08 00:00:00"
347,"2014-11-09 00:00:00"
244,"2014-11-10 00:00:00"
273,"2014-11-11 00:00:00"
264,"2014-11-12 00:00:00"
247,"2014-11-13 00:00:00"
325,"2014-11-14 00:00:00"
347,"2014-11-15 00:00:00"
283,"2014-11-16 00:00:00"
209,"2014-11-17 00:00:00"
226,"2014-11-18 00:00:00"
254,"2014-11-19 00:00:00"
203,"2014-11-20 00:00:00"
290,"2014-11-21 00:00:00"
314,"2014-11-22 00:00:00"
387,"2014-11-23 00:00:00"
224,"2014-11-24 00:00:00"
246,"2014-11-25 00:00:00"
258,"2014-11-26 00:00:00"
116,"2014-11-27 00:00:00"
282,"2014-11-28 00:00:00"
359,"2014-11-29 00:00:00"
298,"2014-11-30 00:00:00"
242,"2014-12-01 00:00:00"
227,"2014-12-02 00:00:00"
210,"2014-12-03 00:00:00"
220,"2014-12-04 00:00:00"
300,"2014-12-05 00:00:00"
383,"2014-12-06 00:00:00"
291,"2014-12-07 00:00:00"
228,"2014-12-08 00:00:00"
210,"2014-12-09 00:00:00"
216,"2014-12-10 00:00:00"
255,"2014-12-11 00:00:00"
309,"2014-12-12 00:00:00"
316,"2014-12-13 00:00:00"
289,"2014-12-14 00:00:00"
231,"2014-12-15 00:00:00"
263,"2014-12-16 00:00:00"
265,"2014-12-17 00:00:00"
217,"2014-12-18 00:00:00"
247,"2014-12-19 00:00:00"
359,"2014-12-20 00:00:00"
308,"2014-12-21 00:00:00"
270,"2014-12-22 00:00:00"
280,"2014-12-23 00:00:00"
224,"2014-12-24 00:00:00"
149,"2014-12-25 00:00:00"
311,"2014-12-26 00:00:00"
375,"2014-12-27 00:00:00"
394,"2014-12-28 00:00:00"
304,"2014-12-29 00:00:00"
328,"2014-12-30 00:00:00"
256,"2014-12-31 00:00:00"
323,"2015-01-01 00:00:00"
352,"2015-01-02 00:00:00"
407,"2015-01-03 00:00:00"
315,"2015-01-04 00:00:00"
268,"2015-01-05 00:00:00"
266,"2015-01-06 00:00:00"
248,"2015-01-07 00:00:00"
242,"2015-01-08 00:00:00"
330,"2015-01-09 00:00:00"
447,"2015-01-10 00:00:00"
334,"2015-01-11 00:00:00"
293,"2015-01-12 00:00:00"
269,"2015-01-13 00:00:00"
234,"2015-01-14 00:00:00"
289,"2015-01-15 00:00:00"
328,"2015-01-16 00:00:00"
432,"2015-01-17 00:00:00"
349,"2015-01-18 00:00:00"
291,"2015-01-19 00:00:00"
278,"2015-01-20 00:00:00"
276,"2015-01-21 00:00:00"
285,"2015-01-22 00:00:00"
326,"2015-01-23 00:00:00"
401,"2015-01-24 00:00:00"
345,"2015-01-25 00:00:00"
285,"2015-01-26 00:00:00"
249,"2015-01-27 00:00:00"
274,"2015-01-28 00:00:00"
253,"2015-01-29 00:00:00"
306,"2015-01-30 00:00:00"
442,"2015-01-31 00:00:00"
261,"2015-02-01 00:00:00"
262,"2015-02-02 00:00:00"
434,"2015-02-03 00:00:00"
463,"2015-02-04 00:00:00"
362,"2015-02-05 00:00:00"
340,"2015-02-06 00:00:00"
419,"2015-02-07 00:00:00"
348,"2015-02-08 00:00:00"
246,"2015-02-09 00:00:00"
288,"2015-02-10 00:00:00"
285,"2015-02-11 00:00:00"
288,"2015-02-12 00:00:00"
341,"2015-02-13 00:00:00"
387,"2015-02-14 00:00:00"
356,"2015-02-15 00:00:00"
324,"2015-02-16 00:00:00"
270,"2015-02-17 00:00:00"
301,"2015-02-18 00:00:00"
305,"2015-02-19 00:00:00"
352,"2015-02-20 00:00:00"
418,"2015-02-21 00:00:00"
364,"2015-02-22 00:00:00"
278,"2015-02-23 00:00:00"
287,"2015-02-24 00:00:00"
268,"2015-02-25 00:00:00"
333,"2015-02-26 00:00:00"
305,"2015-02-27 00:00:00"
431,"2015-02-28 00:00:00"
394,"2015-03-01 00:00:00"
265,"2015-03-02 00:00:00"
268,"2015-03-03 00:00:00"
278,"2015-03-04 00:00:00"
321,"2015-03-05 00:00:00"
354,"2015-03-06 00:00:00"
447,"2015-03-07 00:00:00"
380,"2015-03-08 00:00:00"
322,"2015-03-09 00:00:00"
287,"2015-03-10 00:00:00"
294,"2015-03-11 00:00:00"
273,"2015-03-12 00:00:00"
338,"2015-03-13 00:00:00"
423,"2015-03-14 00:00:00"
367,"2015-03-15 00:00:00"
287,"2015-03-16 00:00:00"
328,"2015-03-17 00:00:00"
271,"2015-03-18 00:00:00"
315,"2015-03-19 00:00:00"
402,"2015-03-20 00:00:00"
456,"2015-03-21 00:00:00"
424,"2015-03-22 00:00:00"
305,"2015-03-23 00:00:00"
310,"2015-03-24 00:00:00"
286,"2015-03-25 00:00:00"
296,"2015-03-26 00:00:00"
394,"2015-03-27 00:00:00"
450,"2015-03-28 00:00:00"
376,"2015-03-29 00:00:00"
288,"2015-03-30 00:00:00"
303,"2015-03-31 00:00:00"
324,"2015-04-01 00:00:00"
358,"2015-04-02 00:00:00"
373,"2015-04-03 00:00:00"
418,"2015-04-04 00:00:00"
287,"2015-04-05 00:00:00"
286,"2015-04-06 00:00:00"
268,"2015-04-07 00:00:00"
334,"2015-04-08 00:00:00"
307,"2015-04-09 00:00:00"
349,"2015-04-10 00:00:00"
461,"2015-04-11 00:00:00"
392,"2015-04-12 00:00:00"
286,"2015-04-13 00:00:00"
311,"2015-04-14 00:00:00"
313,"2015-04-15 00:00:00"
310,"2015-04-16 00:00:00"
355,"2015-04-17 00:00:00"
444,"2015-04-18 00:00:00"
373,"2015-04-19 00:00:00"
257,"2015-04-20 00:00:00"
294,"2015-04-21 00:00:00"
313,"2015-04-22 00:00:00"
353,"2015-04-23 00:00:00"
352,"2015-04-24 00:00:00"
520,"2015-04-25 00:00:00"
440,"2015-04-26 00:00:00"
295,"2015-04-27 00:00:00"
338,"2015-04-28 00:00:00"
329,"2015-04-29 00:00:00"
338,"2015-04-30 00:00:00"
362,"2015-05-01 00:00:00"
408,"2015-05-02 00:00:00"
382,"2015-05-03 00:00:00"
281,"2015-05-04 00:00:00"
317,"2015-05-05 00:00:00"
328,"2015-05-06 00:00:00"
317,"2015-05-07 00:00:00"
388,"2015-05-08 00:00:00"
460,"2015-05-09 00:00:00"
376,"2015-05-10 00:00:00"
285,"2015-05-11 00:00:00"
301,"2015-05-12 00:00:00"
307,"2015-05-13 00:00:00"
331,"2015-05-14 00:00:00"
370,"2015-05-15 00:00:00"
477,"2015-05-16 00:00:00"
384,"2015-05-17 00:00:00"
335,"2015-05-18 00:00:00"
302,"2015-05-19 00:00:00"
294,"2015-05-20 00:00:00"
339,"2015-05-21 00:00:00"
358,"2015-05-22 00:00:00"
479,"2015-05-23 00:00:00"
414,"2015-05-24 00:00:00"
354,"2015-05-25 00:00:00"
311,"2015-05-26 00:00:00"
300,"2015-05-27 00:00:00"
363,"2015-05-28 00:00:00"
382,"2015-05-29 00:00:00"
492,"2015-05-30 00:00:00"
419,"2015-05-31 00:00:00"
326,"2015-06-01 00:00:00"
351,"2015-06-02 00:00:00"
298,"2015-06-03 00:00:00"
275,"2015-06-04 00:00:00"
342,"2015-06-05 00:00:00"
431,"2015-06-06 00:00:00"
389,"2015-06-07 00:00:00"
302,"2015-06-08 00:00:00"
335,"2015-06-09 00:00:00"
323,"2015-06-10 00:00:00"
296,"2015-06-11 00:00:00"
391,"2015-06-12 00:00:00"
426,"2015-06-13 00:00:00"
407,"2015-06-14 00:00:00"
316,"2015-06-15 00:00:00"
330,"2015-06-16 00:00:00"
306,"2015-06-17 00:00:00"
328,"2015-06-18 00:00:00"
406,"2015-06-19 00:00:00"
457,"2015-06-20 00:00:00"
407,"2015-06-21 00:00:00"
328,"2015-06-22 00:00:00"
374,"2015-06-23 00:00:00"
337,"2015-06-24 00:00:00"
367,"2015-06-25 00:00:00"
385,"2015-06-26 00:00:00"
419,"2015-06-27 00:00:00"
457,"2015-06-28 00:00:00"
330,"2015-06-29 00:00:00"
364,"2015-06-30 00:00:00"
365,"2015-07-01 00:00:00"
354,"2015-07-02 00:00:00"
422,"2015-07-03 00:00:00"
323,"2015-07-04 00:00:00"
375,"2015-07-05 00:00:00"
349,"2015-07-06 00:00:00"
328,"2015-07-07 00:00:00"
384,"2015-07-08 00:00:00"
346,"2015-07-09 00:00:00"
396,"2015-07-10 00:00:00"
458,"2015-07-11 00:00:00"
402,"2015-07-12 00:00:00"
369,"2015-07-13 00:00:00"
368,"2015-07-14 00:00:00"
321,"2015-07-15 00:00:00"
359,"2015-07-16 00:00:00"
411,"2015-07-17 00:00:00"
527,"2015-07-18 00:00:00"
437,"2015-07-19 00:00:00"
390,"2015-07-20 00:00:00"
363,"2015-07-21 00:00:00"
333,"2015-07-22 00:00:00"
367,"2015-07-23 00:00:00"
395,"2015-07-24 00:00:00"
493,"2015-07-25 00:00:00"
447,"2015-07-26 00:00:00"
329,"2015-07-27 00:00:00"
348,"2015-07-28 00:00:00"
416,"2015-07-29 00:00:00"
368,"2015-07-30 00:00:00"
401,"2015-07-31 00:00:00"
461,"2015-08-01 00:00:00"
456,"2015-08-02 00:00:00"
368,"2015-08-03 00:00:00"
345,"2015-08-04 00:00:00"
349,"2015-08-05 00:00:00"
343,"2015-08-06 00:00:00"
348,"2015-08-07 00:00:00"
474,"2015-08-08 00:00:00"
442,"2015-08-09 00:00:00"
356,"2015-08-10 00:00:00"
362,"2015-08-11 00:00:00"
326,"2015-08-12 00:00:00"
331,"2015-08-13 00:00:00"
369,"2015-08-14 00:00:00"
446,"2015-08-15 00:00:00"
428,"2015-08-16 00:00:00"
332,"2015-08-17 00:00:00"
303,"2015-08-18 00:00:00"
331,"2015-08-19 00:00:00"
302,"2015-08-20 00:00:00"
382,"2015-08-21 00:00:00"
457,"2015-08-22 00:00:00"
402,"2015-08-23 00:00:00"
298,"2015-08-24 00:00:00"
281,"2015-08-25 00:00:00"
338,"2015-08-26 00:00:00"
346,"2015-08-27 00:00:00"
339,"2015-08-28 00:00:00"
439,"2015-08-29 00:00:00"
415,"2015-08-30 00:00:00"
313,"2015-08-31 00:00:00"
331,"2015-09-01 00:00:00"
308,"2015-09-02 00:00:00"
312,"2015-09-03 00:00:00"
385,"2015-09-04 00:00:00"
488,"2015-09-05 00:00:00"
438,"2015-09-06 00:00:00"
377,"2015-09-07 00:00:00"
315,"2015-09-08 00:00:00"
288,"2015-09-09 00:00:00"
309,"2015-09-10 00:00:00"
393,"2015-09-11 00:00:00"
393,"2015-09-12 00:00:00"
380,"2015-09-13 00:00:00"
274,"2015-09-14 00:00:00"
311,"2015-09-15 00:00:00"
276,"2015-09-16 00:00:00"
309,"2015-09-17 00:00:00"
350,"2015-09-18 00:00:00"
507,"2015-09-19 00:00:00"
403,"2015-09-20 00:00:00"
288,"2015-09-21 00:00:00"
332,"2015-09-22 00:00:00"
318,"2015-09-23 00:00:00"
254,"2015-09-24 00:00:00"
353,"2015-09-25 00:00:00"
466,"2015-09-26 00:00:00"
442,"2015-09-27 00:00:00"
323,"2015-09-28 00:00:00"
286,"2015-09-29 00:00:00"
275,"2015-09-30 00:00:00"
325,"2015-10-01 00:00:00"
379,"2015-10-02 00:00:00"
442,"2015-10-03 00:00:00"
374,"2015-10-04 00:00:00"
294,"2015-10-05 00:00:00"
287,"2015-10-06 00:00:00"
308,"2015-10-07 00:00:00"
320,"2015-10-08 00:00:00"
379,"2015-10-09 00:00:00"
513,"2015-10-10 00:00:00"
413,"2015-10-11 00:00:00"
298,"2015-10-12 00:00:00"
295,"2015-10-13 00:00:00"
335,"2015-10-14 00:00:00"
324,"2015-10-15 00:00:00"
435,"2015-10-16 00:00:00"
418,"2015-10-17 00:00:00"
430,"2015-10-18 00:00:00"
326,"2015-10-19 00:00:00"
309,"2015-10-20 00:00:00"
320,"2015-10-21 00:00:00"
283,"2015-10-22 00:00:00"
380,"2015-10-23 00:00:00"
445,"2015-10-24 00:00:00"
417,"2015-10-25 00:00:00"
289,"2015-10-26 00:00:00"
277,"2015-10-27 00:00:00"
297,"2015-10-28 00:00:00"
278,"2015-10-29 00:00:00"
328,"2015-10-30 00:00:00"
385,"2015-10-31 00:00:00"
369,"2015-11-01 00:00:00"
294,"2015-11-02 00:00:00"
283,"2015-11-03 00:00:00"
298,"2015-11-04 00:00:00"
301,"2015-11-05 00:00:00"
371,"2015-11-06 00:00:00"
407,"2015-11-07 00:00:00"
396,"2015-11-08 00:00:00"
262,"2015-11-09 00:00:00"
332,"2015-11-10 00:00:00"
358,"2015-11-11 00:00:00"
282,"2015-11-12 00:00:00"
366,"2015-11-13 00:00:00"
454,"2015-11-14 00:00:00"
376,"2015-11-15 00:00:00"
269,"2015-11-16 00:00:00"
287,"2015-11-17 00:00:00"
263,"2015-11-18 00:00:00"
283,"2015-11-19 00:00:00"
376,"2015-11-20 00:00:00"
441,"2015-11-21 00:00:00"
399,"2015-11-22 00:00:00"
277,"2015-11-23 00:00:00"
318,"2015-11-24 00:00:00"
349,"2015-11-25 00:00:00"
188,"2015-11-26 00:00:00"
343,"2015-11-27 00:00:00"
431,"2015-11-28 00:00:00"
370,"2015-11-29 00:00:00"
288,"2015-11-30 00:00:00"
319,"2015-12-01 00:00:00"
273,"2015-12-02 00:00:00"
262,"2015-12-03 00:00:00"
337,"2015-12-04 00:00:00"
418,"2015-12-05 00:00:00"
395,"2015-12-06 00:00:00"
258,"2015-12-07 00:00:00"
259,"2015-12-08 00:00:00"
269,"2015-12-09 00:00:00"
301,"2015-12-10 00:00:00"
327,"2015-12-11 00:00:00"
385,"2015-12-12 00:00:00"
341,"2015-12-13 00:00:00"
257,"2015-12-14 00:00:00"
307,"2015-12-15 00:00:00"
292,"2015-12-16 00:00:00"
290,"2015-12-17 00:00:00"
332,"2015-12-18 00:00:00"
425,"2015-12-19 00:00:00"
336,"2015-12-20 00:00:00"
303,"2015-12-21 00:00:00"
320,"2015-12-22 00:00:00"
345,"2015-12-23 00:00:00"
269,"2015-12-24 00:00:00"
185,"2015-12-25 00:00:00"
392,"2015-12-26 00:00:00"
370,"2015-12-27 00:00:00"
366,"2015-12-28 00:00:00"
362,"2015-12-29 00:00:00"
418,"2015-12-30 00:00:00"
376,"2015-12-31 00:00:00"
342,"2016-01-01 00:00:00"
478,"2016-01-02 00:00:00"
391,"2016-01-03 00:00:00"
310,"2016-01-04 00:00:00"
293,"2016-01-05 00:00:00"
310,"2016-01-06 00:00:00"
336,"2016-01-07 00:00:00"
348,"2016-01-08 00:00:00"
465,"2016-01-09 00:00:00"
401,"2016-01-10 00:00:00"
287,"2016-01-11 00:00:00"
317,"2016-01-12 00:00:00"
320,"2016-01-13 00:00:00"
280,"2016-01-14 00:00:00"
391,"2016-01-15 00:00:00"
541,"2016-01-16 00:00:00"
479,"2016-01-17 00:00:00"
327,"2016-01-18 00:00:00"
300,"2016-01-19 00:00:00"
356,"2016-01-20 00:00:00"
311,"2016-01-21 00:00:00"
385,"2016-01-22 00:00:00"
494,"2016-01-23 00:00:00"
429,"2016-01-24 00:00:00"
328,"2016-01-25 00:00:00"
332,"2016-01-26 00:00:00"
362,"2016-01-27 00:00:00"
356,"2016-01-28 00:00:00"
508,"2016-01-29 00:00:00"
600,"2016-01-30 00:00:00"
435,"2016-01-31 00:00:00"
308,"2016-02-01 00:00:00"
303,"2016-02-02 00:00:00"
279,"2016-02-03 00:00:00"
302,"2016-02-04 00:00:00"
356,"2016-02-05 00:00:00"
485,"2016-02-06 00:00:00"
361,"2016-02-07 00:00:00"
270,"2016-02-08 00:00:00"
322,"2016-02-09 00:00:00"
332,"2016-02-10 00:00:00"
346,"2016-02-11 00:00:00"
370,"2016-02-12 00:00:00"
493,"2016-02-13 00:00:00"
537,"2016-02-14 00:00:00"
413,"2016-02-15 00:00:00"
316,"2016-02-16 00:00:00"
361,"2016-02-17 00:00:00"
396,"2016-02-18 00:00:00"
437,"2016-02-19 00:00:00"
562,"2016-02-20 00:00:00"
464,"2016-02-21 00:00:00"
338,"2016-02-22 00:00:00"
334,"2016-02-23 00:00:00"
374,"2016-02-24 00:00:00"
372,"2016-02-25 00:00:00"
388,"2016-02-26 00:00:00"
489,"2016-02-27 00:00:00"
426,"2016-02-28 00:00:00"
346,"2016-02-29 00:00:00"
339,"2016-03-01 00:00:00"
321,"2016-03-02 00:00:00"
331,"2016-03-03 00:00:00"
447,"2016-03-04 00:00:00"
469,"2016-03-05 00:00:00"
471,"2016-03-06 00:00:00"
340,"2016-03-07 00:00:00"
323,"2016-03-08 00:00:00"
384,"2016-03-09 00:00:00"
344,"2016-03-10 00:00:00"
442,"2016-03-11 00:00:00"
492,"2016-03-12 00:00:00"
403,"2016-03-13 00:00:00"
398,"2016-03-14 00:00:00"
335,"2016-03-15 00:00:00"
361,"2016-03-16 00:00:00"
337,"2016-03-17 00:00:00"
386,"2016-03-18 00:00:00"
565,"2016-03-19 00:00:00"
439,"2016-03-20 00:00:00"
300,"2016-03-21 00:00:00"
313,"2016-03-22 00:00:00"
342,"2016-03-23 00:00:00"
339,"2016-03-24 00:00:00"
460,"2016-03-25 00:00:00"
476,"2016-03-26 00:00:00"
397,"2016-03-27 00:00:00"
355,"2016-03-28 00:00:00"
350,"2016-03-29 00:00:00"
421,"2016-03-30 00:00:00"
375,"2016-03-31 00:00:00"
434,"2016-04-01 00:00:00"
536,"2016-04-02 00:00:00"
473,"2016-04-03 00:00:00"
352,"2016-04-04 00:00:00"
357,"2016-04-05 00:00:00"
325,"2016-04-06 00:00:00"
385,"2016-04-07 00:00:00"
445,"2016-04-08 00:00:00"
539,"2016-04-09 00:00:00"
414,"2016-04-10 00:00:00"
306,"2016-04-11 00:00:00"
372,"2016-04-12 00:00:00"
362,"2016-04-13 00:00:00"
368,"2016-04-14 00:00:00"
501,"2016-04-15 00:00:00"
537,"2016-04-16 00:00:00"
427,"2016-04-17 00:00:00"
319,"2016-04-18 00:00:00"
360,"2016-04-19 00:00:00"
379,"2016-04-20 00:00:00"
391,"2016-04-21 00:00:00"
437,"2016-04-22 00:00:00"
510,"2016-04-23 00:00:00"
434,"2016-04-24 00:00:00"
342,"2016-04-25 00:00:00"
375,"2016-04-26 00:00:00"
398,"2016-04-27 00:00:00"
377,"2016-04-28 00:00:00"
447,"2016-04-29 00:00:00"
545,"2016-04-30 00:00:00"
428,"2016-05-01 00:00:00"
393,"2016-05-02 00:00:00"
346,"2016-05-03 00:00:00"
334,"2016-05-04 00:00:00"
384,"2016-05-05 00:00:00"
398,"2016-05-06 00:00:00"
524,"2016-05-07 00:00:00"
442,"2016-05-08 00:00:00"
343,"2016-05-09 00:00:00"
338,"2016-05-10 00:00:00"
350,"2016-05-11 00:00:00"
331,"2016-05-12 00:00:00"
420,"2016-05-13 00:00:00"
496,"2016-05-14 00:00:00"
459,"2016-05-15 00:00:00"
320,"2016-05-16 00:00:00"
350,"2016-05-17 00:00:00"
344,"2016-05-18 00:00:00"
356,"2016-05-19 00:00:00"
409,"2016-05-20 00:00:00"
468,"2016-05-21 00:00:00"
455,"2016-05-22 00:00:00"
352,"2016-05-23 00:00:00"
361,"2016-05-24 00:00:00"
365,"2016-05-25 00:00:00"
359,"2016-05-26 00:00:00"
399,"2016-05-27 00:00:00"
471,"2016-05-28 00:00:00"
426,"2016-05-29 00:00:00"
397,"2016-05-30 00:00:00"
346,"2016-05-31 00:00:00"
404,"2016-06-01 00:00:00"
355,"2016-06-02 00:00:00"
430,"2016-06-03 00:00:00"
469,"2016-06-04 00:00:00"
419,"2016-06-05 00:00:00"
329,"2016-06-06 00:00:00"
296,"2016-06-07 00:00:00"
358,"2016-06-08 00:00:00"
389,"2016-06-09 00:00:00"
404,"2016-06-10 00:00:00"
481,"2016-06-11 00:00:00"
437,"2016-06-12 00:00:00"
353,"2016-06-13 00:00:00"
332,"2016-06-14 00:00:00"
357,"2016-06-15 00:00:00"
359,"2016-06-16 00:00:00"
420,"2016-06-17 00:00:00"
453,"2016-06-18 00:00:00"
389,"2016-06-19 00:00:00"
329,"2016-06-20 00:00:00"
377,"2016-06-21 00:00:00"
348,"2016-06-22 00:00:00"
368,"2016-06-23 00:00:00"
425,"2016-06-24 00:00:00"
506,"2016-06-25 00:00:00"
402,"2016-06-26 00:00:00"
373,"2016-06-27 00:00:00"
318,"2016-06-28 00:00:00"
383,"2016-06-29 00:00:00"
371,"2016-06-30 00:00:00"
412,"2016-07-01 00:00:00"
467,"2016-07-02 00:00:00"
452,"2016-07-03 00:00:00"
397,"2016-07-04 00:00:00"
356,"2016-07-05 00:00:00"
352,"2016-07-06 00:00:00"
349,"2016-07-07 00:00:00"
344,"2016-07-08 00:00:00"
379,"2016-07-09 00:00:00"
364,"2016-07-10 00:00:00"
384,"2016-07-11 00:00:00"
381,"2016-07-12 00:00:00"
368,"2016-07-13 00:00:00"
377,"2016-07-14 00:00:00"
437,"2016-07-15 00:00:00"
584,"2016-07-16 00:00:00"
421,"2016-07-17 00:00:00"
356,"2016-07-18 00:00:00"
364,"2016-07-19 00:00:00"
413,"2016-07-20 00:00:00"
347,"2016-07-21 00:00:00"
435,"2016-07-22 00:00:00"
513,"2016-07-23 00:00:00"
429,"2016-07-24 00:00:00"
360,"2016-07-25 00:00:00"
371,"2016-07-26 00:00:00"
362,"2016-07-27 00:00:00"
413,"2016-07-28 00:00:00"
463,"2016-07-29 00:00:00"
527,"2016-07-30 00:00:00"
452,"2016-07-31 00:00:00"
338,"2016-08-01 00:00:00"
350,"2016-08-02 00:00:00"
345,"2016-08-03 00:00:00"
358,"2016-08-04 00:00:00"
431,"2016-08-05 00:00:00"
490,"2016-08-06 00:00:00"
413,"2016-08-07 00:00:00"
352,"2016-08-08 00:00:00"
341,"2016-08-09 00:00:00"
351,"2016-08-10 00:00:00"
307,"2016-08-11 00:00:00"
423,"2016-08-12 00:00:00"
591,"2016-08-13 00:00:00"
392,"2016-08-14 00:00:00"
327,"2016-08-15 00:00:00"
345,"2016-08-16 00:00:00"
318,"2016-08-17 00:00:00"
365,"2016-08-18 00:00:00"
448,"2016-08-19 00:00:00"
447,"2016-08-20 00:00:00"
402,"2016-08-21 00:00:00"
348,"2016-08-22 00:00:00"
325,"2016-08-23 00:00:00"
366,"2016-08-24 00:00:00"
333,"2016-08-25 00:00:00"
387,"2016-08-26 00:00:00"
509,"2016-08-27 00:00:00"
441,"2016-08-28 00:00:00"
292,"2016-08-29 00:00:00"
330,"2016-08-30 00:00:00"
373,"2016-08-31 00:00:00"
359,"2016-09-01 00:00:00"
400,"2016-09-02 00:00:00"
511,"2016-09-03 00:00:00"
484,"2016-09-04 00:00:00"
392,"2016-09-05 00:00:00"
312,"2016-09-06 00:00:00"
325,"2016-09-07 00:00:00"
294,"2016-09-08 00:00:00"
435,"2016-09-09 00:00:00"
476,"2016-09-10 00:00:00"
396,"2016-09-11 00:00:00"
320,"2016-09-12 00:00:00"
318,"2016-09-13 00:00:00"
346,"2016-09-14 00:00:00"
346,"2016-09-15 00:00:00"
435,"2016-09-16 00:00:00"
427,"2016-09-17 00:00:00"
423,"2016-09-18 00:00:00"
292,"2016-09-19 00:00:00"
271,"2016-09-20 00:00:00"
317,"2016-09-21 00:00:00"
304,"2016-09-22 00:00:00"
369,"2016-09-23 00:00:00"
439,"2016-09-24 00:00:00"
339,"2016-09-25 00:00:00"
292,"2016-09-26 00:00:00"
300,"2016-09-27 00:00:00"
294,"2016-09-28 00:00:00"
348,"2016-09-29 00:00:00"
365,"2016-09-30 00:00:00"
434,"2016-10-01 00:00:00"
425,"2016-10-02 00:00:00"
309,"2016-10-03 00:00:00"
263,"2016-10-04 00:00:00"
297,"2016-10-05 00:00:00"
283,"2016-10-06 00:00:00"
339,"2016-10-07 00:00:00"
434,"2016-10-08 00:00:00"
397,"2016-10-09 00:00:00"
277,"2016-10-10 00:00:00"
287,"2016-10-11 00:00:00"
325,"2016-10-12 00:00:00"
297,"2016-10-13 00:00:00"
350,"2016-10-14 00:00:00"
429,"2016-10-15 00:00:00"
352,"2016-10-16 00:00:00"
280,"2016-10-17 00:00:00"
270,"2016-10-18 00:00:00"
245,"2016-10-19 00:00:00"
328,"2016-10-20 00:00:00"
345,"2016-10-21 00:00:00"
481,"2016-10-22 00:00:00"
390,"2016-10-23 00:00:00"
273,"2016-10-24 00:00:00"
318,"2016-10-25 00:00:00"
269,"2016-10-26 00:00:00"
298,"2016-10-27 00:00:00"
372,"2016-10-28 00:00:00"
421,"2016-10-29 00:00:00"
347,"2016-10-30 00:00:00"
243,"2016-10-31 00:00:00"
264,"2016-11-01 00:00:00"
304,"2016-11-02 00:00:00"
287,"2016-11-03 00:00:00"
362,"2016-11-04 00:00:00"
449,"2016-11-05 00:00:00"
400,"2016-11-06 00:00:00"
252,"2016-11-07 00:00:00"
270,"2016-11-08 00:00:00"
228,"2016-11-09 00:00:00"
301,"2016-11-10 00:00:00"
378,"2016-11-11 00:00:00"
428,"2016-11-12 00:00:00"
353,"2016-11-13 00:00:00"
285,"2016-11-14 00:00:00"
284,"2016-11-15 00:00:00"
286,"2016-11-16 00:00:00"
293,"2016-11-17 00:00:00"
358,"2016-11-18 00:00:00"
447,"2016-11-19 00:00:00"
378,"2016-11-20 00:00:00"
283,"2016-11-21 00:00:00"
257,"2016-11-22 00:00:00"
317,"2016-11-23 00:00:00"
170,"2016-11-24 00:00:00"
289,"2016-11-25 00:00:00"
412,"2016-11-26 00:00:00"
340,"2016-11-27 00:00:00"
266,"2016-11-28 00:00:00"
295,"2016-11-29 00:00:00"
278,"2016-11-30 00:00:00"
243,"2016-12-01 00:00:00"
361,"2016-12-02 00:00:00"
402,"2016-12-03 00:00:00"
358,"2016-12-04 00:00:00"
258,"2016-12-05 00:00:00"
250,"2016-12-06 00:00:00"
310,"2016-12-07 00:00:00"
291,"2016-12-08 00:00:00"
378,"2016-12-09 00:00:00"
411,"2016-12-10 00:00:00"
309,"2016-12-11 00:00:00"
287,"2016-12-12 00:00:00"
284,"2016-12-13 00:00:00"
251,"2016-12-14 00:00:00"
319,"2016-12-15 00:00:00"
303,"2016-12-16 00:00:00"
338,"2016-12-17 00:00:00"
338,"2016-12-18 00:00:00"
257,"2016-12-19 00:00:00"
301,"2016-12-20 00:00:00"
337,"2016-12-21 00:00:00"
327,"2016-12-22 00:00:00"
360,"2016-12-23 00:00:00"
267,"2016-12-24 00:00:00"
154,"2016-12-25 00:00:00"
316,"2016-12-26 00:00:00"
372,"2016-12-27 00:00:00"
398,"2016-12-28 00:00:00"
406,"2016-12-29 00:00:00"
421,"2016-12-30 00:00:00"
335,"2016-12-31 00:00:00"
330,"2017-01-01 00:00:00"
374,"2017-01-02 00:00:00"
329,"2017-01-03 00:00:00"
320,"2017-01-04 00:00:00"
333,"2017-01-05 00:00:00"
358,"2017-01-06 00:00:00"
445,"2017-01-07 00:00:00"
399,"2017-01-08 00:00:00"
290,"2017-01-09 00:00:00"
307,"2017-01-10 00:00:00"
306,"2017-01-11 00:00:00"
307,"2017-01-12 00:00:00"
392,"2017-01-13 00:00:00"
474,"2017-01-14 00:00:00"
418,"2017-01-15 00:00:00"
363,"2017-01-16 00:00:00"
291,"2017-01-17 00:00:00"
320,"2017-01-18 00:00:00"
305,"2017-01-19 00:00:00"
384,"2017-01-20 00:00:00"
505,"2017-01-21 00:00:00"
430,"2017-01-22 00:00:00"
284,"2017-01-23 00:00:00"
281,"2017-01-24 00:00:00"
297,"2017-01-25 00:00:00"
324,"2017-01-26 00:00:00"
410,"2017-01-27 00:00:00"
468,"2017-01-28 00:00:00"
471,"2017-01-29 00:00:00"
306,"2017-01-30 00:00:00"
371,"2017-01-31 00:00:00"
329,"2017-02-01 00:00:00"
297,"2017-02-02 00:00:00"
397,"2017-02-03 00:00:00"
492,"2017-02-04 00:00:00"
324,"2017-02-05 00:00:00"
275,"2017-02-06 00:00:00"
322,"2017-02-07 00:00:00"
331,"2017-02-08 00:00:00"
338,"2017-02-09 00:00:00"
408,"2017-02-10 00:00:00"
470,"2017-02-11 00:00:00"
421,"2017-02-12 00:00:00"
275,"2017-02-13 00:00:00"
316,"2017-02-14 00:00:00"
278,"2017-02-15 00:00:00"
331,"2017-02-16 00:00:00"
400,"2017-02-17 00:00:00"
469,"2017-02-18 00:00:00"
479,"2017-02-19 00:00:00"
434,"2017-02-20 00:00:00"
316,"2017-02-21 00:00:00"
326,"2017-02-22 00:00:00"
334,"2017-02-23 00:00:00"
423,"2017-02-24 00:00:00"
486,"2017-02-25 00:00:00"
439,"2017-02-26 00:00:00"
296,"2017-02-27 00:00:00"
331,"2017-02-28 00:00:00"
318,"2017-03-01 00:00:00"
384,"2017-03-02 00:00:00"
383,"2017-03-03 00:00:00"
466,"2017-03-04 00:00:00"
426,"2017-03-05 00:00:00"
336,"2017-03-06 00:00:00"
325,"2017-03-07 00:00:00"
367,"2017-03-08 00:00:00"
320,"2017-03-09 00:00:00"
419,"2017-03-10 00:00:00"
554,"2017-03-11 00:00:00"
466,"2017-03-12 00:00:00"
342,"2017-03-13 00:00:00"
382,"2017-03-14 00:00:00"
379,"2017-03-15 00:00:00"
385,"2017-03-16 00:00:00"
397,"2017-03-17 00:00:00"
531,"2017-03-18 00:00:00"
486,"2017-03-19 00:00:00"
380,"2017-03-20 00:00:00"
374,"2017-03-21 00:00:00"
380,"2017-03-22 00:00:00"
380,"2017-03-23 00:00:00"
494,"2017-03-24 00:00:00"
579,"2017-03-25 00:00:00"
512,"2017-03-26 00:00:00"
392,"2017-03-27 00:00:00"
369,"2017-03-28 00:00:00"
362,"2017-03-29 00:00:00"
370,"2017-03-30 00:00:00"
460,"2017-03-31 00:00:00"
559,"2017-04-01 00:00:00"
509,"2017-04-02 00:00:00"
319,"2017-04-03 00:00:00"
357,"2017-04-04 00:00:00"
383,"2017-04-05 00:00:00"
363,"2017-04-06 00:00:00"
458,"2017-04-07 00:00:00"
533,"2017-04-08 00:00:00"
445,"2017-04-09 00:00:00"
357,"2017-04-10 00:00:00"
353,"2017-04-11 00:00:00"
372,"2017-04-12 00:00:00"
418,"2017-04-13 00:00:00"
458,"2017-04-14 00:00:00"
493,"2017-04-15 00:00:00"
342,"2017-04-16 00:00:00"
329,"2017-04-17 00:00:00"
380,"2017-04-18 00:00:00"
356,"2017-04-19 00:00:00"
372,"2017-04-20 00:00:00"
388,"2017-04-21 00:00:00"
588,"2017-04-22 00:00:00"
475,"2017-04-23 00:00:00"
319,"2017-04-24 00:00:00"
377,"2017-04-25 00:00:00"
336,"2017-04-26 00:00:00"
373,"2017-04-27 00:00:00"
421,"2017-04-28 00:00:00"
527,"2017-04-29 00:00:00"
493,"2017-04-30 00:00:00"
343,"2017-05-01 00:00:00"
366,"2017-05-02 00:00:00"
374,"2017-05-03 00:00:00"
383,"2017-05-04 00:00:00"
400,"2017-05-05 00:00:00"
472,"2017-05-06 00:00:00"
440,"2017-05-07 00:00:00"
309,"2017-05-08 00:00:00"
347,"2017-05-09 00:00:00"
356,"2017-05-10 00:00:00"
343,"2017-05-11 00:00:00"
404,"2017-05-12 00:00:00"
459,"2017-05-13 00:00:00"
436,"2017-05-14 00:00:00"
355,"2017-05-15 00:00:00"
408,"2017-05-16 00:00:00"
352,"2017-05-17 00:00:00"
399,"2017-05-18 00:00:00"
380,"2017-05-19 00:00:00"
478,"2017-05-20 00:00:00"
458,"2017-05-21 00:00:00"
361,"2017-05-22 00:00:00"
346,"2017-05-23 00:00:00"
360,"2017-05-24 00:00:00"
338,"2017-05-25 00:00:00"
445,"2017-05-26 00:00:00"
472,"2017-05-27 00:00:00"
430,"2017-05-28 00:00:00"
355,"2017-05-29 00:00:00"
355,"2017-05-30 00:00:00"
345,"2017-05-31 00:00:00"
355,"2017-06-01 00:00:00"
414,"2017-06-02 00:00:00"
439,"2017-06-03 00:00:00"
466,"2017-06-04 00:00:00"
315,"2017-06-05 00:00:00"
356,"2017-06-06 00:00:00"
346,"2017-06-07 00:00:00"
369,"2017-06-08 00:00:00"
472,"2017-06-09 00:00:00"
514,"2017-06-10 00:00:00"
420,"2017-06-11 00:00:00"
336,"2017-06-12 00:00:00"
347,"2017-06-13 00:00:00"
374,"2017-06-14 00:00:00"
331,"2017-06-15 00:00:00"
383,"2017-06-16 00:00:00"
525,"2017-06-17 00:00:00"
400,"2017-06-18 00:00:00"
300,"2017-06-19 00:00:00"
331,"2017-06-20 00:00:00"
393,"2017-06-21 00:00:00"
352,"2017-06-22 00:00:00"
406,"2017-06-23 00:00:00"
465,"2017-06-24 00:00:00"
456,"2017-06-25 00:00:00"
331,"2017-06-26 00:00:00"
345,"2017-06-27 00:00:00"
342,"2017-06-28 00:00:00"
368,"2017-06-29 00:00:00"
390,"2017-06-30 00:00:00"
492,"2017-07-01 00:00:00"
457,"2017-07-02 00:00:00"
398,"2017-07-03 00:00:00"
312,"2017-07-04 00:00:00"
341,"2017-07-05 00:00:00"
343,"2017-07-06 00:00:00"
403,"2017-07-07 00:00:00"
481,"2017-07-08 00:00:00"
452,"2017-07-09 00:00:00"
334,"2017-07-10 00:00:00"
355,"2017-07-11 00:00:00"
359,"2017-07-12 00:00:00"
355,"2017-07-13 00:00:00"
464,"2017-07-14 00:00:00"
509,"2017-07-15 00:00:00"
436,"2017-07-16 00:00:00"
333,"2017-07-17 00:00:00"
361,"2017-07-18 00:00:00"
340,"2017-07-19 00:00:00"
371,"2017-07-20 00:00:00"
424,"2017-07-21 00:00:00"
458,"2017-07-22 00:00:00"
446,"2017-07-23 00:00:00"
361,"2017-07-24 00:00:00"
390,"2017-07-25 00:00:00"
90,"2017-07-26 00:00:00"
